DATE,SP57BOND,,,,,,,,
4/30/08,368.56,,,,,,,,
5/1/08,368.28,,,,,,,,
5/2/08,366.54,,,,,,,,
5/5/08,366.9,,,,,,,,
5/6/08,366.55,,,,,,,,
5/7/08,367.42,,,,,,,,
5/8/08,368.83,,,,,,,,
5/9/08,369.6,,,,,,,,
5/12/08,369.35,,,,,,,,
5/13/08,366.36,,,,,,,,
5/14/08,365.49,,,,,,,,
5/15/08,367.41,,,,,,,,
5/16/08,367.29,,,,,,,,
5/19/08,367.74,,,,,,,,
5/20/08,369.16,,,,,,,,
5/21/08,368.04,,,,,,,,
5/22/08,365.71,,,,,,,,
5/23/08,367.48,,,,,,,,
5/27/08,365.91,,,,,,,,
5/28/08,364.21,,,,,,,,
5/29/08,363.12,,,,,,,,
5/30/08,363.38,,,,,,,,
6/2/08,365.68,,,,,,,,
6/3/08,367.62,,,,,,,,
6/4/08,367.18,,,,,,,,
6/5/08,365.64,,,,,,,,
6/6/08,367.64,,,,,,,,
6/9/08,365.02,,,,,,,,
6/10/08,362.55,,,,,,,,
6/11/08,363.45,,,,,,,,
6/12/08,360.53,,,,,,,,
6/13/08,359.5,,,,,,,,
6/16/08,359.69,,,,,,,,
6/17/08,360.66,,,,,,,,
6/18/08,362.3,,,,,,,,
6/19/08,361,,,,,,,,
6/20/08,362.53,,,,,,,,
6/23/08,361.81,,,,,,,,
6/24/08,363.37,,,,,,,,
6/25/08,363.27,,,,,,,,
6/26/08,365.48,,,,,,,,
6/27/08,366.25,,,,,,,,
6/30/08,366.62,,,,,,,,
7/1/08,366.53,,,,,,,,
7/2/08,367.29,,,,,,,,
7/3/08,367.47,,,,,,,,
7/7/08,368.89,,,,,,,,
7/8/08,369.63,,,,,,,,
7/9/08,370.42,,,,,,,,
7/10/08,370.93,,,,,,,,
7/11/08,367.99,,,,,,,,
7/14/08,369.36,,,,,,,,
7/15/08,370.57,,,,,,,,
7/16/08,369.34,,,,,,,,
7/17/08,367.04,,,,,,,,
7/18/08,366.09,,,,,,,,
7/21/08,366.31,,,,,,,,
7/22/08,365.57,,,,,,,,
7/23/08,364.39,,,,,,,,
7/24/08,367.37,,,,,,,,
7/25/08,365.82,,,,,,,,
7/28/08,367.78,,,,,,,,
7/29/08,367.18,,,,,,,,
7/30/08,367.04,,,,,,,,
7/31/08,368.83,,,,,,,,
8/1/08,369.55,,,,,,,,
8/4/08,369.22,,,,,,,,
8/5/08,368.81,,,,,,,,
8/6/08,368.15,,,,,,,,
8/7/08,370.76,,,,,,,,
8/8/08,370,,,,,,,,
8/11/08,369.2,,,,,,,,
8/12/08,371.09,,,,,,,,
8/13/08,370.54,,,,,,,,
8/14/08,371.37,,,,,,,,
8/15/08,372.13,,,,,,,,
8/18/08,372.89,,,,,,,,
8/19/08,372.71,,,,,,,,
8/20/08,373.77,,,,,,,,
8/21/08,372.87,,,,,,,,
8/22/08,371.81,,,,,,,,
8/25/08,373.71,,,,,,,,
8/26/08,373.51,,,,,,,,
8/27/08,373.97,,,,,,,,
8/28/08,373.38,,,,,,,,
8/29/08,373.21,,,,,,,,
9/2/08,375.14,,,,,,,,
9/3/08,376.08,,,,,,,,
9/4/08,377.17,,,,,,,,
9/5/08,376.43,,,,,,,,
9/8/08,375.88,,,,,,,,
9/9/08,377.23,,,,,,,,
9/10/08,376.43,,,,,,,,
9/11/08,377.08,,,,,,,,
9/12/08,375.33,,,,,,,,
9/15/08,381.72,,,,,,,,
9/16/08,380.73,,,,,,,,
9/17/08,383.88,,,,,,,,
9/18/08,384.07,,,,,,,,
9/19/08,375.37,,,,,,,,
9/22/08,374.78,,,,,,,,
9/23/08,375.1,,,,,,,,
9/24/08,377.47,,,,,,,,
9/25/08,374.98,,,,,,,,
9/26/08,375.95,,,,,,,,
9/29/08,381.06,,,,,,,,
9/30/08,376.38,,,,,,,,
10/1/08,377.79,,,,,,,,
10/2/08,381.27,,,,,,,,
10/3/08,381.66,,,,,,,,
10/6/08,387.09,,,,,,,,
10/7/08,385.51,,,,,,,,
10/8/08,379.18,,,,,,,,
10/9/08,376.56,,,,,,,,
10/10/08,377.56,,,,,,,,
10/14/08,374.02,,,,,,,,
10/15/08,374.98,,,,,,,,
10/16/08,376.01,,,,,,,,
10/17/08,375.87,,,,,,,,
10/20/08,376.72,,,,,,,,
10/21/08,380.65,,,,,,,,
10/22/08,381.84,,,,,,,,
10/23/08,382.94,,,,,,,,
10/24/08,381.16,,,,,,,,
10/27/08,380.1,,,,,,,,
10/28/08,378.94,,,,,,,,
10/29/08,378.19,,,,,,,,
10/30/08,377.67,,,,,,,,
10/31/08,377.77,,,,,,,,
11/3/08,379.83,,,,,,,,
11/4/08,382.21,,,,,,,,
11/5/08,383.51,,,,,,,,
11/6/08,383.96,,,,,,,,
11/7/08,382.71,,,,,,,,
11/10/08,383.64,,,,,,,,
11/12/08,386.33,,,,,,,,
11/13/08,386.06,,,,,,,,
11/14/08,387.13,,,,,,,,
11/17/08,388.25,,,,,,,,
11/18/08,390.59,,,,,,,,
11/19/08,392.94,,,,,,,,
11/20/08,396.76,,,,,,,,
11/21/08,395.3,,,,,,,,
11/24/08,391.59,,,,,,,,
11/25/08,395.9,,,,,,,,
11/26/08,397.92,,,,,,,,
11/28/08,399.03,,,,,,,,
12/1/08,404.18,,,,,,,,
12/2/08,405.13,,,,,,,,
12/3/08,405.85,,,,,,,,
12/4/08,407.97,,,,,,,,
12/5/08,405.41,,,,,,,,
12/8/08,404.24,,,,,,,,
12/9/08,406.02,,,,,,,,
12/10/08,406.1,,,,,,,,
12/11/08,408.18,,,,,,,,
12/12/08,409.04,,,,,,,,
12/15/08,409.8,,,,,,,,
12/16/08,413.26,,,,,,,,
12/17/08,413.93,,,,,,,,
12/18/08,415.37,,,,,,,,
12/19/08,413.83,,,,,,,,
12/22/08,413.23,,,,,,,,
12/23/08,412.83,,,,,,,,
12/24/08,411.87,,,,,,,,
12/26/08,413.02,,,,,,,,
12/29/08,414.03,,,,,,,,
12/30/08,413.81,,,,,,,,
12/31/08,411.45,,,,,,,,
1/2/09,407.7,,,,,,,,
1/5/09,408.1,,,,,,,,
1/6/09,407.91,,,,,,,,
1/7/09,408.68,,,,,,,,
1/8/09,410.18,,,,,,,,
1/9/09,411.48,,,,,,,,
1/12/09,413.43,,,,,,,,
1/13/09,413.64,,,,,,,,
1/14/09,415.09,,,,,,,,
1/15/09,415.07,,,,,,,,
1/16/09,412.82,,,,,,,,
1/20/09,412.64,,,,,,,,
1/21/09,409.08,,,,,,,,
1/22/09,407.97,,,,,,,,
1/23/09,407.27,,,,,,,,
1/26/09,406.77,,,,,,,,
1/27/09,408.41,,,,,,,,
1/28/09,405.89,,,,,,,,
1/29/09,402.97,,,,,,,,
1/30/09,402.74,,,,,,,,
2/2/09,405.22,,,,,,,,
2/3/09,402.65,,,,,,,,
2/4/09,400.99,,,,,,,,
2/5/09,401.61,,,,,,,,
2/6/09,400.23,,,,,,,,
2/9/09,399.45,,,,,,,,
2/10/09,403.45,,,,,,,,
2/11/09,404.15,,,,,,,,
2/12/09,405.13,,,,,,,,
2/13/09,402.04,,,,,,,,
2/17/09,406.05,,,,,,,,
2/18/09,403.89,,,,,,,,
2/19/09,401.53,,,,,,,,
2/20/09,403.15,,,,,,,,
2/23/09,402.6,,,,,,,,
2/24/09,401.74,,,,,,,,
2/25/09,398.77,,,,,,,,
2/26/09,398.54,,,,,,,,
2/27/09,398.97,,,,,,,,
3/2/09,402.24,,,,,,,,
3/3/09,401.52,,,,,,,,
3/4/09,399.84,,,,,,,,
3/5/09,403.06,,,,,,,,
3/6/09,402.49,,,,,,,,
3/9/09,401.62,,,,,,,,
3/10/09,399.75,,,,,,,,
3/11/09,400.8,,,,,,,,
3/12/09,401.72,,,,,,,,
3/13/09,402.35,,,,,,,,
3/16/09,401.49,,,,,,,,
3/17/09,400.17,,,,,,,,
3/18/09,410.68,,,,,,,,
3/19/09,408.97,,,,,,,,
3/20/09,409.08,,,,,,,,
3/23/09,408.64,,,,,,,,
3/24/09,408.37,,,,,,,,
3/25/09,405.94,,,,,,,,
3/26/09,407.14,,,,,,,,
3/27/09,406.7,,,,,,,,
3/30/09,408.21,,,,,,,,
3/31/09,409.31,,,,,,,,
4/1/09,409.86,,,,,,,,
4/2/09,407.88,,,,,,,,
4/3/09,404.51,,,,,,,,
4/6/09,404.13,,,,,,,,
4/7/09,404.71,,,,,,,,
4/8/09,405.54,,,,,,,,
4/9/09,404.38,,,,,,,,
4/13/09,406.57,,,,,,,,
4/14/09,407.97,,,,,,,,
4/15/09,408.46,,,,,,,,
4/16/09,406.95,,,,,,,,
4/17/09,404.62,,,,,,,,
4/20/09,406.49,,,,,,,,
4/21/09,405.1,,,,,,,,
4/22/09,403.96,,,,,,,,
4/23/09,404.42,,,,,,,,
4/24/09,403.18,,,,,,,,
4/27/09,405.17,,,,,,,,
4/28/09,403.39,,,,,,,,
4/29/09,401.83,,,,,,,,
4/30/09,401.73,,,,,,,,
5/1/09,401.34,,,,,,,,
5/4/09,401.53,,,,,,,,
5/5/09,401.3,,,,,,,,
5/6/09,401.41,,,,,,,,
5/7/09,399.08,,,,,,,,
5/8/09,399.1,,,,,,,,
5/11/09,401.57,,,,,,,,
5/12/09,401.8,,,,,,,,
5/13/09,402.96,,,,,,,,
5/14/09,402.83,,,,,,,,
5/15/09,402.43,,,,,,,,
5/18/09,400.57,,,,,,,,
5/19/09,400.04,,,,,,,,
5/20/09,401.26,,,,,,,,
5/21/09,398.91,,,,,,,,
5/22/09,397.13,,,,,,,,
5/26/09,395.98,,,,,,,,
5/27/09,392.86,,,,,,,,
5/28/09,392.2,,,,,,,,
5/29/09,395.22,,,,,,,,
6/1/09,390.99,,,,,,,,
6/2/09,391.7,,,,,,,,
6/3/09,393.4,,,,,,,,
6/4/09,390.55,,,,,,,,
6/5/09,385.3,,,,,,,,
6/8/09,384.3,,,,,,,,
6/9/09,385.67,,,,,,,,
6/10/09,384.44,,,,,,,,
6/11/09,386.06,,,,,,,,
6/12/09,387.21,,,,,,,,
6/15/09,388.7,,,,,,,,
6/16/09,389.3,,,,,,,,
6/17/09,389.74,,,,,,,,
6/18/09,385.93,,,,,,,,
6/19/09,386.77,,,,,,,,
6/22/09,389.06,,,,,,,,
6/23/09,389.69,,,,,,,,
6/24/09,389.08,,,,,,,,
6/25/09,391.98,,,,,,,,
6/26/09,393.02,,,,,,,,
6/29/09,393.19,,,,,,,,
6/30/09,392.61,,,,,,,,
7/1/09,393.02,,,,,,,,
7/2/09,394.79,,,,,,,,
7/6/09,395.32,,,,,,,,
7/7/09,396.23,,,,,,,,
7/8/09,399.54,,,,,,,,
7/9/09,397.34,,,,,,,,
7/10/09,399.71,,,,,,,,
7/13/09,398.88,,,,,,,,
7/14/09,397.24,,,,,,,,
7/15/09,393.92,,,,,,,,
7/16/09,394.96,,,,,,,,
7/17/09,393.3,,,,,,,,
7/20/09,395.13,,,,,,,,
7/21/09,397.38,,,,,,,,
7/22/09,395.8,,,,,,,,
7/23/09,392.26,,,,,,,,
7/24/09,392.98,,,,,,,,
7/27/09,392.38,,,,,,,,
7/28/09,392.14,,,,,,,,
7/29/09,391.6,,,,,,,,
7/30/09,391.99,,,,,,,,
7/31/09,395.01,,,,,,,,
8/3/09,392.3,,,,,,,,
8/4/09,391.87,,,,,,,,
8/5/09,390.65,,,,,,,,
8/6/09,391.19,,,,,,,,
8/7/09,388.89,,,,,,,,
8/10/09,390.91,,,,,,,,
8/11/09,392,,,,,,,,
8/12/09,392.44,,,,,,,,
8/13/09,394.67,,,,,,,,
8/14/09,395.62,,,,,,,,
8/17/09,397.25,,,,,,,,
8/18/09,396.38,,,,,,,,
8/19/09,397.64,,,,,,,,
8/20/09,397.94,,,,,,,,
8/21/09,395,,,,,,,,
8/24/09,396.41,,,,,,,,
8/25/09,397.19,,,,,,,,
8/26/09,397.56,,,,,,,,
8/27/09,397.26,,,,,,,,
8/28/09,397.88,,,,,,,,
8/31/09,399.39,,,,,,,,
9/1/09,400.48,,,,,,,,
9/2/09,402,,,,,,,,
9/3/09,401.4,,,,,,,,
9/4/09,399.42,,,,,,,,
9/8/09,399.37,,,,,,,,
9/9/09,399.21,,,,,,,,
9/10/09,401.72,,,,,,,,
9/11/09,401.67,,,,,,,,
9/14/09,400.45,,,,,,,,
9/15/09,399.48,,,,,,,,
9/16/09,398.64,,,,,,,,
9/17/09,400.09,,,,,,,,
9/18/09,398.35,,,,,,,,
9/21/09,398.33,,,,,,,,
9/22/09,399.13,,,,,,,,
9/23/09,400.25,,,,,,,,
9/24/09,401.11,,,,,,,,
9/25/09,401.65,,,,,,,,
9/28/09,402.39,,,,,,,,
9/29/09,402.55,,,,,,,,
9/30/09,402.81,,,,,,,,
10/1/09,405.56,,,,,,,,
10/2/09,405.27,,,,,,,,
10/5/09,405.23,,,,,,,,
10/6/09,404.8,,,,,,,,
10/7/09,406.53,,,,,,,,
10/8/09,405,,,,,,,,
10/9/09,402.27,,,,,,,,
10/13/09,404.23,,,,,,,,
10/14/09,402.26,,,,,,,,
10/15/09,401.22,,,,,,,,
10/16/09,402.15,,,,,,,,
10/19/09,402.58,,,,,,,,
10/20/09,403.87,,,,,,,,
10/21/09,402.1,,,,,,,,
10/22/09,402.04,,,,,,,,
10/23/09,400.68,,,,,,,,
10/26/09,399.24,,,,,,,,
10/27/09,401.76,,,,,,,,
10/28/09,402.85,,,,,,,,
10/29/09,401.21,,,,,,,,
10/30/09,403.88,,,,,,,,
11/2/09,403.74,,,,,,,,
11/3/09,402.94,,,,,,,,
11/4/09,402.15,,,,,,,,
11/5/09,402.92,,,,,,,,
11/6/09,403.84,,,,,,,,
11/9/09,404.19,,,,,,,,
11/10/09,404.18,,,,,,,,
11/12/09,405.09,,,,,,,,
11/13/09,405.15,,,,,,,,
11/16/09,407.2,,,,,,,,
11/17/09,407.48,,,,,,,,
11/18/09,406.73,,,,,,,,
11/19/09,407.39,,,,,,,,
11/20/09,407.12,,,,,,,,
11/23/09,407.26,,,,,,,,
11/24/09,408.81,,,,,,,,
11/25/09,409.98,,,,,,,,
11/27/09,411.83,,,,,,,,
11/30/09,412.38,,,,,,,,
12/1/09,411.43,,,,,,,,
12/2/09,410.15,,,,,,,,
12/3/09,409.1,,,,,,,,
12/4/09,406.46,,,,,,,,
12/7/09,407.74,,,,,,,,
12/8/09,409.41,,,,,,,,
12/9/09,408.91,,,,,,,,
12/10/09,407.68,,,,,,,,
12/11/09,406.16,,,,,,,,
12/14/09,405.72,,,,,,,,
12/15/09,404.43,,,,,,,,
12/16/09,404.76,,,,,,,,
12/17/09,407.23,,,,,,,,
12/18/09,405.83,,,,,,,,
12/21/09,403.07,,,,,,,,
12/22/09,401.86,,,,,,,,
12/23/09,401.5,,,,,,,,
12/24/09,400.22,,,,,,,,
12/28/09,399.51,,,,,,,,
12/29/09,399.89,,,,,,,,
12/30/09,400.33,,,,,,,,
12/31/09,398.88,,,,,,,,
1/4/10,399.82,,,,,,,,
1/5/10,401.33,,,,,,,,
1/6/10,400.55,,,,,,,,
1/7/10,400.17,,,,,,,,
1/8/10,401,,,,,,,,
1/11/10,401.26,,,,,,,,
1/12/10,403.38,,,,,,,,
1/13/10,401.98,,,,,,,,
1/14/10,403.18,,,,,,,,
1/15/10,404.5,,,,,,,,
1/19/10,403.98,,,,,,,,
1/20/10,404.93,,,,,,,,
1/21/10,406.04,,,,,,,,
1/22/10,406.49,,,,,,,,
1/25/10,405.99,,,,,,,,
1/26/10,406.47,,,,,,,,
1/27/10,405.55,,,,,,,,
1/28/10,405.79,,,,,,,,
1/29/10,406.98,,,,,,,,
2/1/10,406,,,,,,,,
2/2/10,406.75,,,,,,,,
2/3/10,405.61,,,,,,,,
2/4/10,408.13,,,,,,,,
2/5/10,409.25,,,,,,,,
2/8/10,409.01,,,,,,,,
2/9/10,407.72,,,,,,,,
2/10/10,406.62,,,,,,,,
2/11/10,406.46,,,,,,,,
2/12/10,407.53,,,,,,,,
2/16/10,407.91,,,,,,,,
2/17/10,405.97,,,,,,,,
2/18/10,404.76,,,,,,,,
2/19/10,404.53,,,,,,,,
2/22/10,404.64,,,,,,,,
2/23/10,407.18,,,,,,,,
2/24/10,407.14,,,,,,,,
2/25/10,408.53,,,,,,,,
2/26/10,409.12,,,,,,,,
3/1/10,409.49,,,,,,,,
3/2/10,409.63,,,,,,,,
3/3/10,409.56,,,,,,,,
3/4/10,409.96,,,,,,,,
3/5/10,408.41,,,,,,,,
3/8/10,407.79,,,,,,,,
3/9/10,408.71,,,,,,,,
3/10/10,407.93,,,,,,,,
3/11/10,407.4,,,,,,,,
3/12/10,407.68,,,,,,,,
3/15/10,407.41,,,,,,,,
3/16/10,409.04,,,,,,,,
3/17/10,409.11,,,,,,,,
3/18/10,408.15,,,,,,,,
3/19/10,407.57,,,,,,,,
3/22/10,408.43,,,,,,,,
3/23/10,408.39,,,,,,,,
3/24/10,404.78,,,,,,,,
3/25/10,403.75,,,,,,,,
3/26/10,404.63,,,,,,,,
3/29/10,404.25,,,,,,,,
3/30/10,404.61,,,,,,,,
3/31/10,405.45,,,,,,,,
4/1/10,404.8,,,,,,,,
4/2/10,403.19,,,,,,,,
4/5/10,402.97,,,,,,,,
4/6/10,403.75,,,,,,,,
4/7/10,405.8,,,,,,,,
4/8/10,405.38,,,,,,,,
4/9/10,405.7,,,,,,,,
4/12/10,406.66,,,,,,,,
4/13/10,407.23,,,,,,,,
4/14/10,406.59,,,,,,,,
4/15/10,407.23,,,,,,,,
4/16/10,409.26,,,,,,,,
4/19/10,408.42,,,,,,,,
4/20/10,408.24,,,,,,,,
4/21/10,409.2,,,,,,,,
4/22/10,408.27,,,,,,,,
4/23/10,407.35,,,,,,,,
4/26/10,407.86,,,,,,,,
4/27/10,411.24,,,,,,,,
4/28/10,409.28,,,,,,,,
4/29/10,409.95,,,,,,,,
4/30/10,411.76,,,,,,,,
5/3/10,410.72,,,,,,,,
5/4/10,412.8,,,,,,,,
5/5/10,414.37,,,,,,,,
5/6/10,419.26,,,,,,,,
5/7/10,417.04,,,,,,,,
5/10/10,414.62,,,,,,,,
5/11/10,415.18,,,,,,,,
5/12/10,414.23,,,,,,,,
5/13/10,415.1,,,,,,,,
5/14/10,417.4,,,,,,,,
5/17/10,416.63,,,,,,,,
5/18/10,418.89,,,,,,,,
5/19/10,418.8,,,,,,,,
5/20/10,421.91,,,,,,,,
5/21/10,421.78,,,,,,,,
5/24/10,421.68,,,,,,,,
5/25/10,422.79,,,,,,,,
5/26/10,421.76,,,,,,,,
5/27/10,418.83,,,,,,,,
5/28/10,419.97,,,,,,,,
6/1/10,421.05,,,,,,,,
6/2/10,419.27,,,,,,,,
6/3/10,418.83,,,,,,,,
6/4/10,423.04,,,,,,,,
6/7/10,424.34,,,,,,,,
6/8/10,423.36,,,,,,,,
6/9/10,423.42,,,,,,,,
6/10/10,420.4,,,,,,,,
6/11/10,422.47,,,,,,,,
6/14/10,421.95,,,,,,,,
6/15/10,420.92,,,,,,,,
6/16/10,421.81,,,,,,,,
6/17/10,423.15,,,,,,,,
6/18/10,422.66,,,,,,,,
6/21/10,422.32,,,,,,,,
6/22/10,424.38,,,,,,,,
6/23/10,425.54,,,,,,,,
6/24/10,425.5,,,,,,,,
6/25/10,426.28,,,,,,,,
6/28/10,428.31,,,,,,,,
6/29/10,429.61,,,,,,,,
6/30/10,429.79,,,,,,,,
7/1/10,429.4,,,,,,,,
7/2/10,429.04,,,,,,,,
7/6/10,430.12,,,,,,,,
7/7/10,429.42,,,,,,,,
7/8/10,428.74,,,,,,,,
7/9/10,427.99,,,,,,,,
7/12/10,428.34,,,,,,,,
7/13/10,427.04,,,,,,,,
7/14/10,428.81,,,,,,,,
7/15/10,430.36,,,,,,,,
7/16/10,432.18,,,,,,,,
7/19/10,431.52,,,,,,,,
7/20/10,431.93,,,,,,,,
7/21/10,433.46,,,,,,,,
7/22/10,432.32,,,,,,,,
7/23/10,430.97,,,,,,,,
7/26/10,430.84,,,,,,,,
7/27/10,429.56,,,,,,,,
7/28/10,431.48,,,,,,,,
7/29/10,432.74,,,,,,,,
7/30/10,434.64,,,,,,,,
8/2/10,433.67,,,,,,,,
8/3/10,435.83,,,,,,,,
8/4/10,434.28,,,,,,,,
8/5/10,435.52,,,,,,,,
8/6/10,437.38,,,,,,,,
8/9/10,437.14,,,,,,,,
8/10/10,439.14,,,,,,,,
8/11/10,440.43,,,,,,,,
8/12/10,439.43,,,,,,,,
8/13/10,440.48,,,,,,,,
8/16/10,442.16,,,,,,,,
8/17/10,441.01,,,,,,,,
8/18/10,440.7,,,,,,,,
8/19/10,441.87,,,,,,,,
8/20/10,440.38,,,,,,,,
8/23/10,441.35,,,,,,,,
8/24/10,443.49,,,,,,,,
8/25/10,442.25,,,,,,,,
8/26/10,443.03,,,,,,,,
8/27/10,439.89,,,,,,,,
8/30/10,443.07,,,,,,,,
8/31/10,443.91,,,,,,,,
9/1/10,442.06,,,,,,,,
9/2/10,440.97,,,,,,,,
9/3/10,439.58,,,,,,,,
9/7/10,441.92,,,,,,,,
9/8/10,440.65,,,,,,,,
9/9/10,438.31,,,,,,,,
9/10/10,437.54,,,,,,,,
9/13/10,439.3,,,,,,,,
9/14/10,441.14,,,,,,,,
9/15/10,440.43,,,,,,,,
9/16/10,439.68,,,,,,,,
9/17/10,440.45,,,,,,,,
9/20/10,441.57,,,,,,,,
9/21/10,444.57,,,,,,,,
9/22/10,444.72,,,,,,,,
9/23/10,445.01,,,,,,,,
9/24/10,443.85,,,,,,,,
9/27/10,446.09,,,,,,,,
9/28/10,447.26,,,,,,,,
9/29/10,446.6,,,,,,,,
9/30/10,446.49,,,,,,,,
10/1/10,446.84,,,,,,,,
10/4/10,447.98,,,,,,,,
10/5/10,448.54,,,,,,,,
10/6/10,449.81,,,,,,,,
10/7/10,450.33,,,,,,,,
10/8/10,450.85,,,,,,,,
10/12/10,450.11,,,,,,,,
10/13/10,450.55,,,,,,,,
10/14/10,448.87,,,,,,,,
10/15/10,448.21,,,,,,,,
10/18/10,450.01,,,,,,,,
10/19/10,450.57,,,,,,,,
10/20/10,450.66,,,,,,,,
10/21/10,449.25,,,,,,,,
10/22/10,449.03,,,,,,,,
10/25/10,448.61,,,,,,,,
10/26/10,446.51,,,,,,,,
10/27/10,444.78,,,,,,,,
10/28/10,447.4,,,,,,,,
10/29/10,448.98,,,,,,,,
11/1/10,449.03,,,,,,,,
11/2/10,449.69,,,,,,,,
11/3/10,451.34,,,,,,,,
11/4/10,453.73,,,,,,,,
11/5/10,452.29,,,,,,,,
11/8/10,452.01,,,,,,,,
11/9/10,449.02,,,,,,,,
11/10/10,450.19,,,,,,,,
11/12/10,446.58,,,,,,,,
11/15/10,442.68,,,,,,,,
11/16/10,444.14,,,,,,,,
11/17/10,443.54,,,,,,,,
11/18/10,442.43,,,,,,,,
11/19/10,442.43,,,,,,,,
11/22/10,444.46,,,,,,,,
11/23/10,445.21,,,,,,,,
11/24/10,441.6,,,,,,,,
11/26/10,442.54,,,,,,,,
11/29/10,443.14,,,,,,,,
11/30/10,443.97,,,,,,,,
12/1/10,439.67,,,,,,,,
12/2/10,438.75,,,,,,,,
12/3/10,439.65,,,,,,,,
12/6/10,441.84,,,,,,,,
12/7/10,436.41,,,,,,,,
12/8/10,433.42,,,,,,,,
12/9/10,432.73,,,,,,,,
12/10/10,430.64,,,,,,,,
12/13/10,432.49,,,,,,,,
12/14/10,429.1,,,,,,,,
12/15/10,428.03,,,,,,,,
12/16/10,429.21,,,,,,,,
12/17/10,431.91,,,,,,,,
12/20/10,432,,,,,,,,
12/21/10,432.3,,,,,,,,
12/22/10,431.25,,,,,,,,
12/23/10,430.19,,,,,,,,
12/27/10,430.84,,,,,,,,
12/28/10,427.77,,,,,,,,
12/29/10,431.51,,,,,,,,
12/30/10,430.88,,,,,,,,
12/31/10,432.24,,,,,,,,
1/3/11,431.74,,,,,,,,
1/4/11,432.16,,,,,,,,
1/5/11,429.04,,,,,,,,
1/6/11,430.43,,,,,,,,
1/7/11,433.02,,,,,,,,
1/10/11,434.2,,,,,,,,
1/11/11,433.09,,,,,,,,
1/12/11,432.7,,,,,,,,
1/13/11,434.76,,,,,,,,
1/14/11,434.22,,,,,,,,
1/18/11,433.39,,,,,,,,
1/19/11,433.9,,,,,,,,
1/20/11,431.36,,,,,,,,
1/21/11,432.31,,,,,,,,
1/24/11,432.34,,,,,,,,
1/25/11,434.06,,,,,,,,
1/26/11,432.5,,,,,,,,
1/27/11,433.51,,,,,,,,
1/28/11,436.06,,,,,,,,
1/31/11,434.19,,,,,,,,
2/1/11,432.49,,,,,,,,
2/2/11,431.28,,,,,,,,
2/3/11,429.52,,,,,,,,
2/4/11,427.37,,,,,,,,
2/7/11,427.03,,,,,,,,
2/8/11,424.77,,,,,,,,
2/9/11,426.27,,,,,,,,
2/10/11,425.03,,,,,,,,
2/11/11,426.39,,,,,,,,
2/14/11,426.3,,,,,,,,
2/15/11,426.9,,,,,,,,
2/16/11,426.53,,,,,,,,
2/17/11,427.95,,,,,,,,
2/18/11,428.2,,,,,,,,
2/22/11,431.51,,,,,,,,
2/23/11,430.68,,,,,,,,
2/24/11,430.99,,,,,,,,
2/25/11,432.07,,,,,,,,
2/28/11,432.4,,,,,,,,
3/1/11,432.96,,,,,,,,
3/2/11,431.41,,,,,,,,
3/3/11,428.74,,,,,,,,
3/4/11,431.42,,,,,,,,
3/7/11,431,,,,,,,,
3/8/11,430.52,,,,,,,,
3/9/11,432.13,,,,,,,,
3/10/11,434.77,,,,,,,,
3/11/11,434.56,,,,,,,,
3/14/11,435.8,,,,,,,,
3/15/11,436.43,,,,,,,,
3/16/11,439.42,,,,,,,,
3/17/11,438.35,,,,,,,,
3/18/11,437.61,,,,,,,,
3/21/11,435.83,,,,,,,,
3/22/11,435.5,,,,,,,,
3/23/11,435.16,,,,,,,,
3/24/11,433.45,,,,,,,,
3/25/11,432.53,,,,,,,,
3/28/11,432.26,,,,,,,,
3/29/11,431.25,,,,,,,,
3/30/11,432.37,,,,,,,,
3/31/11,431.39,,,,,,,,
4/1/11,431.77,,,,,,,,
4/4/11,432.83,,,,,,,,
4/5/11,431.17,,,,,,,,
4/6/11,429.93,,,,,,,,
4/7/11,430.68,,,,,,,,
4/8/11,429.98,,,,,,,,
4/11/11,430.21,,,,,,,,
4/12/11,432.52,,,,,,,,
4/13/11,433.34,,,,,,,,
4/14/11,432.5,,,,,,,,
4/15/11,434.69,,,,,,,,
4/18/11,435.79,,,,,,,,
4/19/11,436.03,,,,,,,,
4/20/11,434.93,,,,,,,,
4/21/11,434.92,,,,,,,,
4/25/11,436.25,,,,,,,,
4/26/11,437.55,,,,,,,,
4/27/11,437.32,,,,,,,,
4/28/11,438.55,,,,,,,,
4/29/11,439.28,,,,,,,,
5/2/11,439.47,,,,,,,,
5/3/11,440.02,,,,,,,,
5/4/11,440.56,,,,,,,,
5/5/11,441.97,,,,,,,,
5/6/11,442.3,,,,,,,,
5/9/11,443.06,,,,,,,,
5/10/11,441.54,,,,,,,,
5/11/11,442.71,,,,,,,,
5/12/11,442.18,,,,,,,,
5/13/11,443.13,,,,,,,,
5/16/11,443.96,,,,,,,,
5/17/11,444.66,,,,,,,,
5/18/11,443.02,,,,,,,,
5/19/11,443.54,,,,,,,,
5/20/11,444.27,,,,,,,,
5/23/11,444.71,,,,,,,,
5/24/11,445.03,,,,,,,,
5/25/11,445.21,,,,,,,,
5/26/11,447.22,,,,,,,,
5/27/11,447.36,,,,,,,,
5/31/11,447.99,,,,,,,,
6/1/11,450.62,,,,,,,,
6/2/11,448.89,,,,,,,,
6/3/11,450.24,,,,,,,,
6/6/11,450.33,,,,,,,,
6/7/11,451.12,,,,,,,,
6/8/11,452.18,,,,,,,,
6/9/11,450.5,,,,,,,,
6/10/11,451.29,,,,,,,,
6/13/11,450.72,,,,,,,,
6/14/11,448.13,,,,,,,,
6/15/11,451.63,,,,,,,,
6/16/11,452.41,,,,,,,,
6/17/11,452.48,,,,,,,,
6/20/11,452.17,,,,,,,,
6/21/11,451.63,,,,,,,,
6/22/11,451.79,,,,,,,,
6/23/11,453.52,,,,,,,,
6/24/11,455.17,,,,,,,,
6/27/11,453.94,,,,,,,,
6/28/11,450.44,,,,,,,,
6/29/11,448.5,,,,,,,,
6/30/11,446.8,,,,,,,,
7/1/11,446,,,,,,,,
7/5/11,448.63,,,,,,,,
7/6/11,449.27,,,,,,,,
7/7/11,447.53,,,,,,,,
7/8/11,451.5,,,,,,,,
7/11/11,454.04,,,,,,,,
7/12/11,454.82,,,,,,,,
7/13/11,455.21,,,,,,,,
7/14/11,453.66,,,,,,,,
7/15/11,455.19,,,,,,,,
7/18/11,455.25,,,,,,,,
7/19/11,455.91,,,,,,,,
7/20/11,454.47,,,,,,,,
7/21/11,452.83,,,,,,,,
7/22/11,453.68,,,,,,,,
7/25/11,453.02,,,,,,,,
7/26/11,454.24,,,,,,,,
7/27/11,453.53,,,,,,,,
7/28/11,454.21,,,,,,,,
7/29/11,458.49,,,,,,,,
8/1/11,459.35,,,,,,,,
8/2/11,462.22,,,,,,,,
8/3/11,461.96,,,,,,,,
8/4/11,465.92,,,,,,,,
8/5/11,462.19,,,,,,,,
8/8/11,466.36,,,,,,,,
8/9/11,469.18,,,,,,,,
8/10/11,471.69,,,,,,,,
8/11/11,468.22,,,,,,,,
8/12/11,470.03,,,,,,,,
8/15/11,469.03,,,,,,,,
8/16/11,470.71,,,,,,,,
8/17/11,471.85,,,,,,,,
8/18/11,472.63,,,,,,,,
8/19/11,472.65,,,,,,,,
8/22/11,472.11,,,,,,,,
8/23/11,471.02,,,,,,,,
8/24/11,468.3,,,,,,,,
8/25/11,470.04,,,,,,,,
8/26/11,471.24,,,,,,,,
8/29/11,469.73,,,,,,,,
8/30/11,471.43,,,,,,,,
8/31/11,470.53,,,,,,,,
9/1/11,472.28,,,,,,,,
9/2/11,473.76,,,,,,,,
9/6/11,473.74,,,,,,,,
9/7/11,472.74,,,,,,,,
9/8/11,474.02,,,,,,,,
9/9/11,475.54,,,,,,,,
9/12/11,474.14,,,,,,,,
9/13/11,473.65,,,,,,,,
9/14/11,473.34,,,,,,,,
9/15/11,471.79,,,,,,,,
9/16/11,472.25,,,,,,,,
9/19/11,474.5,,,,,,,,
9/20/11,474.93,,,,,,,,
9/21/11,475.27,,,,,,,,
9/22/11,477.51,,,,,,,,
9/23/11,475.24,,,,,,,,
9/26/11,473.98,,,,,,,,
9/27/11,472.52,,,,,,,,
9/28/11,472.57,,,,,,,,
9/29/11,472.26,,,,,,,,
9/30/11,473.68,,,,,,,,
10/3/11,476.02,,,,,,,,
10/4/11,474.79,,,,,,,,
10/5/11,473.68,,,,,,,,
10/6/11,471.77,,,,,,,,
10/7/11,470.21,,,,,,,,
10/11/11,468.3,,,,,,,,
10/12/11,467.72,,,,,,,,
10/13/11,469.04,,,,,,,,
10/14/11,468.18,,,,,,,,
10/17/11,469.71,,,,,,,,
10/18/11,469.96,,,,,,,,
10/19/11,470.27,,,,,,,,
10/20/11,469.71,,,,,,,,
10/21/11,469.56,,,,,,,,
10/24/11,468.9,,,,,,,,
10/25/11,471.78,,,,,,,,
10/26/11,469.63,,,,,,,,
10/27/11,466.4,,,,,,,,
10/28/11,468.35,,,,,,,,
10/31/11,472.5,,,,,,,,
11/1/11,475.64,,,,,,,,
11/2/11,475.36,,,,,,,,
11/3/11,474.36,,,,,,,,
11/4/11,475.29,,,,,,,,
11/7/11,475.44,,,,,,,,
11/8/11,474.13,,,,,,,,
11/9/11,476.08,,,,,,,,
11/10/11,475.07,,,,,,,,
11/14/11,475.38,,,,,,,,
11/15/11,475.01,,,,,,,,
11/16/11,475.9,,,,,,,,
11/17/11,476.38,,,,,,,,
11/18/11,474.95,,,,,,,,
11/21/11,475.42,,,,,,,,
11/22/11,476.27,,,,,,,,
11/23/11,477.32,,,,,,,,
11/25/11,475.79,,,,,,,,
11/28/11,475.85,,,,,,,,
11/29/11,475.32,,,,,,,,
11/30/11,474.12,,,,,,,,
12/1/11,474.15,,,,,,,,
12/2/11,475.62,,,,,,,,
12/5/11,475.36,,,,,,,,
12/6/11,474.83,,,,,,,,
12/7/11,476.2,,,,,,,,
12/8/11,477.6,,,,,,,,
12/9/11,476.09,,,,,,,,
12/12/11,476.84,,,,,,,,
12/13/11,477.64,,,,,,,,
12/14/11,478.32,,,,,,,,
12/15/11,478.2,,,,,,,,
12/16/11,479.6,,,,,,,,
12/19/11,480.09,,,,,,,,
12/20/11,478.04,,,,,,,,
12/21/11,477.05,,,,,,,,
12/22/11,478.82,,,,,,,,
12/23/11,475.55,,,,,,,,
12/27/11,475.76,,,,,,,,
12/28/11,477.61,,,,,,,,
12/29/11,478.04,,,,,,,,
12/30/11,478.56,,,,,,,,
1/3/12,477.03,,,,,,,,
1/4/12,476.63,,,,,,,,
1/5/12,476.87,,,,,,,,
1/6/12,477.79,,,,,,,,
1/9/12,478.09,,,,,,,,
1/10/12,477.69,,,,,,,,
1/11/12,479.03,,,,,,,,
1/12/12,478.58,,,,,,,,
1/13/12,479.82,,,,,,,,
1/17/12,480.16,,,,,,,,
1/18/12,479.38,,,,,,,,
1/19/12,477.61,,,,,,,,
1/20/12,476.62,,,,,,,,
1/23/12,475.83,,,,,,,,
1/24/12,476.26,,,,,,,,
1/25/12,478.65,,,,,,,,
1/26/12,480.28,,,,,,,,
1/27/12,481.15,,,,,,,,
1/30/12,481.86,,,,,,,,
1/31/12,482.92,,,,,,,,
2/1/12,482.16,,,,,,,,
2/2/12,482.62,,,,,,,,
2/3/12,480.59,,,,,,,,
2/6/12,481.36,,,,,,,,
2/7/12,479.49,,,,,,,,
2/8/12,479.31,,,,,,,,
2/9/12,478.56,,,,,,,,
2/10/12,479.96,,,,,,,,
2/13/12,479.57,,,,,,,,
2/14/12,480.07,,,,,,,,
2/15/12,480.53,,,,,,,,
2/16/12,478.88,,,,,,,,
2/17/12,478.74,,,,,,,,
2/21/12,477.62,,,,,,,,
2/22/12,478.89,,,,,,,,
2/23/12,479.16,,,,,,,,
2/24/12,479.12,,,,,,,,
2/27/12,480.32,,,,,,,,
2/28/12,480.53,,,,,,,,
2/29/12,479.56,,,,,,,,
3/1/12,478.63,,,,,,,,
3/2/12,480.13,,,,,,,,
3/5/12,479.5,,,,,,,,
3/6/12,480.77,,,,,,,,
3/7/12,480.24,,,,,,,,
3/8/12,479.31,,,,,,,,
3/9/12,479.07,,,,,,,,
3/12/12,478.71,,,,,,,,
3/13/12,476.52,,,,,,,,
3/14/12,472.99,,,,,,,,
3/15/12,473.19,,,,,,,,
3/16/12,472.62,,,,,,,,
3/19/12,470.91,,,,,,,,
3/20/12,470.64,,,,,,,,
3/21/12,472.34,,,,,,,,
3/22/12,472.79,,,,,,,,
3/23/12,473.73,,,,,,,,
3/26/12,473.83,,,,,,,,
3/27/12,475.65,,,,,,,,
3/28/12,475.22,,,,,,,,
3/29/12,476.49,,,,,,,,
3/30/12,475.29,,,,,,,,
4/2/12,476.12,,,,,,,,
4/3/12,473.66,,,,,,,,
4/4/12,475.34,,,,,,,,
4/5/12,476.6,,,,,,,,
4/6/12,479.73,,,,,,,,
4/9/12,479.83,,,,,,,,
4/10/12,481.47,,,,,,,,
4/11/12,480.45,,,,,,,,
4/12/12,479.85,,,,,,,,
4/13/12,481.32,,,,,,,,
4/16/12,481.39,,,,,,,,
4/17/12,481.04,,,,,,,,
4/18/12,481.41,,,,,,,,
4/19/12,481.78,,,,,,,,
4/20/12,481.77,,,,,,,,
4/23/12,482.52,,,,,,,,
4/24/12,481.88,,,,,,,,
4/25/12,481.71,,,,,,,,
4/26/12,482.69,,,,,,,,
4/27/12,483.06,,,,,,,,
4/30/12,483.28,,,,,,,,
5/1/12,482.83,,,,,,,,
5/2/12,483.19,,,,,,,,
5/3/12,483.2,,,,,,,,
5/4/12,484.44,,,,,,,,
5/7/12,484.43,,,,,,,,
5/8/12,485.03,,,,,,,,
5/9/12,485.16,,,,,,,,
5/10/12,484.81,,,,,,,,
5/11/12,485.59,,,,,,,,
5/14/12,486.67,,,,,,,,
5/15/12,486.51,,,,,,,,
5/16/12,486.52,,,,,,,,
5/17/12,487.22,,,,,,,,
5/18/12,487.03,,,,,,,,
5/21/12,486.73,,,,,,,,
5/22/12,486.28,,,,,,,,
5/23/12,486.94,,,,,,,,
5/24/12,486.2,,,,,,,,
5/25/12,486.82,,,,,,,,
5/29/12,486.57,,,,,,,,
5/30/12,489.29,,,,,,,,
5/31/12,490.23,,,,,,,,
6/1/12,492.08,,,,,,,,
6/4/12,490.06,,,,,,,,
6/5/12,489.39,,,,,,,,
6/6/12,487.75,,,,,,,,
6/7/12,488.41,,,,,,,,
6/8/12,488.52,,,,,,,,
6/11/12,489.35,,,,,,,,
6/12/12,487.57,,,,,,,,
6/13/12,488.78,,,,,,,,
6/14/12,488,,,,,,,,
6/15/12,489.58,,,,,,,,
6/18/12,489.4,,,,,,,,
6/19/12,488.6,,,,,,,,
6/20/12,487.57,,,,,,,,
6/21/12,488.12,,,,,,,,
6/22/12,487.17,,,,,,,,
6/25/12,488.71,,,,,,,,
6/26/12,488.21,,,,,,,,
6/27/12,488.65,,,,,,,,
6/28/12,489.66,,,,,,,,
6/29/12,488.74,,,,,,,,
7/2/12,490.24,,,,,,,,
7/3/12,490.32,,,,,,,,
7/5/12,490.28,,,,,,,,
7/6/12,491.2,,,,,,,,
7/9/12,491.9,,,,,,,,
7/10/12,492.04,,,,,,,,
7/11/12,491.61,,,,,,,,
7/12/12,492.09,,,,,,,,
7/13/12,492.04,,,,,,,,
7/16/12,492.71,,,,,,,,
7/17/12,492.09,,,,,,,,
7/18/12,492.48,,,,,,,,
7/19/12,492.18,,,,,,,,
7/20/12,493.37,,,,,,,,
7/23/12,493.8,,,,,,,,
7/24/12,494.33,,,,,,,,
7/25/12,494.35,,,,,,,,
7/26/12,493.51,,,,,,,,
7/27/12,491.49,,,,,,,,
7/30/12,492.61,,,,,,,,
7/31/12,493.13,,,,,,,,
8/1/12,491.96,,,,,,,,
8/2/12,492.7,,,,,,,,
8/3/12,490.95,,,,,,,,
8/6/12,491.45,,,,,,,,
8/7/12,489.79,,,,,,,,
8/8/12,489.21,,,,,,,,
8/9/12,489.08,,,,,,,,
8/10/12,489.84,,,,,,,,
8/13/12,489.8,,,,,,,,
8/14/12,488.36,,,,,,,,
8/15/12,486.83,,,,,,,,
8/16/12,486.05,,,,,,,,
8/17/12,486.63,,,,,,,,
8/20/12,486.89,,,,,,,,
8/21/12,487.08,,,,,,,,
8/22/12,489.83,,,,,,,,
8/23/12,490.36,,,,,,,,
8/24/12,489.99,,,,,,,,
8/27/12,490.77,,,,,,,,
8/28/12,491.05,,,,,,,,
8/29/12,490.81,,,,,,,,
8/30/12,491.76,,,,,,,,
8/31/12,493.72,,,,,,,,
9/4/12,493.04,,,,,,,,
9/5/12,492.98,,,,,,,,
9/6/12,491.15,,,,,,,,
9/7/12,491.92,,,,,,,,
9/10/12,491.99,,,,,,,,
9/11/12,491.35,,,,,,,,
9/12/12,490.27,,,,,,,,
9/13/12,491.49,,,,,,,,
9/14/12,489.08,,,,,,,,
9/17/12,489.39,,,,,,,,
9/18/12,490.15,,,,,,,,
9/19/12,490.55,,,,,,,,
9/20/12,490.69,,,,,,,,
9/21/12,491.5,,,,,,,,
9/24/12,492.12,,,,,,,,
9/25/12,492.79,,,,,,,,
9/26/12,493.97,,,,,,,,
9/27/12,493.64,,,,,,,,
9/28/12,494.78,,,,,,,,
10/1/12,494.14,,,,,,,,
10/2/12,494.22,,,,,,,,
10/3/12,494.61,,,,,,,,
10/4/12,493.64,,,,,,,,
10/5/12,492.33,,,,,,,,
10/9/12,492.63,,,,,,,,
10/10/12,492.95,,,,,,,,
10/11/12,492.97,,,,,,,,
10/12/12,493.06,,,,,,,,
10/15/12,492.99,,,,,,,,
10/16/12,491.74,,,,,,,,
10/17/12,489.42,,,,,,,,
10/18/12,488.99,,,,,,,,
10/19/12,490.07,,,,,,,,
10/22/12,488.96,,,,,,,,
10/23/12,490.26,,,,,,,,
10/24/12,489.97,,,,,,,,
10/25/12,488.56,,,,,,,,
10/26/12,491.29,,,,,,,,
10/29/12,491.16,,,,,,,,
10/31/12,491.78,,,,,,,,
11/1/12,491.42,,,,,,,,
11/2/12,491.69,,,,,,,,
11/5/12,492.47,,,,,,,,
11/6/12,490.89,,,,,,,,
11/7/12,493.48,,,,,,,,
11/8/12,495.17,,,,,,,,
11/9/12,494.57,,,,,,,,
11/13/12,495.15,,,,,,,,
11/14/12,495.23,,,,,,,,
11/15/12,495.18,,,,,,,,
11/16/12,495.47,,,,,,,,
11/19/12,494.79,,,,,,,,
11/20/12,493.65,,,,,,,,
11/21/12,493.18,,,,,,,,
11/23/12,493.06,,,,,,,,
11/26/12,493.57,,,,,,,,
11/27/12,494.31,,,,,,,,
11/28/12,494.83,,,,,,,,
11/29/12,495.2,,,,,,,,
11/30/12,495.45,,,,,,,,
12/3/12,495.26,,,,,,,,
12/4/12,495.63,,,,,,,,
12/5/12,496.16,,,,,,,,
12/6/12,496.35,,,,,,,,
12/7/12,495.58,,,,,,,,
12/10/12,495.77,,,,,,,,
12/11/12,495.13,,,,,,,,
12/12/12,494.19,,,,,,,,
12/13/12,493.19,,,,,,,,
12/14/12,493.66,,,,,,,,
12/17/12,492.09,,,,,,,,
12/18/12,490.98,,,,,,,,
12/19/12,491.47,,,,,,,,
12/20/12,491.48,,,,,,,,
12/21/12,492.28,,,,,,,,
12/24/12,491.94,,,,,,,,
12/26/12,492.45,,,,,,,,
12/27/12,493.38,,,,,,,,
12/28/12,493.93,,,,,,,,
12/31/12,493.26,,,,,,,,
1/2/13,491.73,,,,,,,,
1/3/13,490.12,,,,,,,,
1/4/13,490.28,,,,,,,,
1/7/13,490.39,,,,,,,,
1/8/13,491.22,,,,,,,,
1/9/13,491.56,,,,,,,,
1/10/13,490.79,,,,,,,,
1/11/13,491.64,,,,,,,,
1/14/13,491.66,,,,,,,,
1/15/13,492.34,,,,,,,,
1/16/13,492.7,,,,,,,,
1/17/13,491.11,,,,,,,,
1/18/13,491.97,,,,,,,,
1/22/13,492.39,,,,,,,,
1/23/13,492.52,,,,,,,,
1/24/13,492.03,,,,,,,,
1/25/13,489.71,,,,,,,,
1/28/13,489.1,,,,,,,,
1/29/13,488.76,,,,,,,,
1/30/13,489.08,,,,,,,,
1/31/13,489.22,,,,,,,,
2/1/13,488.4,,,,,,,,
2/4/13,490.25,,,,,,,,
2/5/13,489.29,,,,,,,,
2/6/13,490.27,,,,,,,,
2/7/13,490.51,,,,,,,,
2/8/13,490.63,,,,,,,,
2/11/13,490.2,,,,,,,,
2/12/13,489.73,,,,,,,,
2/13/13,488.58,,,,,,,,
2/14/13,489.98,,,,,,,,
2/15/13,489.72,,,,,,,,
2/19/13,489.22,,,,,,,,
2/20/13,489.93,,,,,,,,
2/21/13,490.66,,,,,,,,
2/22/13,491,,,,,,,,
2/25/13,493.56,,,,,,,,
2/26/13,493.21,,,,,,,,
2/27/13,493.23,,,,,,,,
2/28/13,493.58,,,,,,,,
3/1/13,494.27,,,,,,,,
3/4/13,493.81,,,,,,,,
3/5/13,493.36,,,,,,,,
3/6/13,492.32,,,,,,,,
3/7/13,490.94,,,,,,,,
3/8/13,489.42,,,,,,,,
3/11/13,489.41,,,,,,,,
3/12/13,490.31,,,,,,,,
3/13/13,490.06,,,,,,,,
3/14/13,490.31,,,,,,,,
3/15/13,491.62,,,,,,,,
3/18/13,492.65,,,,,,,,
3/19/13,493.56,,,,,,,,
3/20/13,492.5,,,,,,,,
3/21/13,493.11,,,,,,,,
3/22/13,493.27,,,,,,,,
3/25/13,493.58,,,,,,,,
3/26/13,493.94,,,,,,,,
3/27/13,495.33,,,,,,,,
3/28/13,495.02,,,,,,,,
4/1/13,495.32,,,,,,,,
4/2/13,494.86,,,,,,,,
4/3/13,496.23,,,,,,,,
4/4/13,497.41,,,,,,,,
4/5/13,498.01,,,,,,,,
4/8/13,497.21,,,,,,,,
4/9/13,497.42,,,,,,,,
4/10/13,496.1,,,,,,,,
4/11/13,496.46,,,,,,,,
4/12/13,497.83,,,,,,,,
4/15/13,498.32,,,,,,,,
4/16/13,497.47,,,,,,,,
4/17/13,498,,,,,,,,
4/18/13,498.04,,,,,,,,
4/19/13,497.76,,,,,,,,
4/22/13,498.12,,,,,,,,
4/23/13,497.9,,,,,,,,
4/24/13,498.18,,,,,,,,
4/25/13,498.02,,,,,,,,
4/26/13,499.06,,,,,,,,
4/29/13,499.16,,,,,,,,
4/30/13,499.1,,,,,,,,
5/1/13,500.03,,,,,,,,
5/2/13,500.07,,,,,,,,
5/3/13,497.68,,,,,,,,
5/6/13,497.1,,,,,,,,
5/7/13,496.78,,,,,,,,
5/8/13,496.95,,,,,,,,
5/9/13,496.89,,,,,,,,
5/10/13,495.04,,,,,,,,
5/13/13,494.54,,,,,,,,
5/14/13,493.5,,,,,,,,
5/15/13,494.2,,,,,,,,
5/16/13,495.82,,,,,,,,
5/17/13,494.33,,,,,,,,
5/20/13,494.11,,,,,,,,
5/21/13,494.75,,,,,,,,
5/22/13,492.21,,,,,,,,
5/23/13,492.43,,,,,,,,
5/24/13,492.47,,,,,,,,
5/28/13,488.62,,,,,,,,
5/29/13,489.6,,,,,,,,
5/30/13,489.66,,,,,,,,
5/31/13,488.83,,,,,,,,
6/3/13,489.17,,,,,,,,
6/4/13,488.45,,,,,,,,
6/5/13,489.7,,,,,,,,
6/6/13,490.08,,,,,,,,
6/7/13,487.42,,,,,,,,
6/10/13,486.71,,,,,,,,
6/11/13,487.26,,,,,,,,
6/12/13,485.99,,,,,,,,
6/13/13,488.27,,,,,,,,
6/14/13,489.3,,,,,,,,
6/17/13,488.67,,,,,,,,
6/18/13,488.26,,,,,,,,
6/19/13,482.61,,,,,,,,
6/20/13,481.34,,,,,,,,
6/21/13,477.64,,,,,,,,
6/24/13,476.44,,,,,,,,
6/25/13,476.32,,,,,,,,
6/26/13,477.77,,,,,,,,
6/27/13,479.71,,,,,,,,
6/28/13,479.73,,,,,,,,
7/1/13,479.62,,,,,,,,
7/2/13,479.57,,,,,,,,
7/3/13,478.59,,,,,,,,
7/5/13,473.16,,,,,,,,
7/8/13,475.36,,,,,,,,
7/9/13,475.91,,,,,,,,
7/10/13,474.93,,,,,,,,
7/11/13,478.81,,,,,,,,
7/12/13,478.35,,,,,,,,
7/15/13,479.36,,,,,,,,
7/16/13,479.46,,,,,,,,
7/17/13,481.19,,,,,,,,
7/18/13,479.85,,,,,,,,
7/19/13,481.49,,,,,,,,
7/22/13,481.61,,,,,,,,
7/23/13,481.17,,,,,,,,
7/24/13,479.13,,,,,,,,
7/25/13,479.74,,,,,,,,
7/26/13,479.95,,,,,,,,
7/29/13,479.6,,,,,,,,
7/30/13,479.36,,,,,,,,
7/31/13,479.59,,,,,,,,
8/1/13,476.2,,,,,,,,
8/2/13,479.84,,,,,,,,
8/5/13,479.03,,,,,,,,
8/6/13,479.06,,,,,,,,
8/7/13,480,,,,,,,,
8/8/13,480.42,,,,,,,,
8/9/13,480.64,,,,,,,,
8/12/13,480,,,,,,,,
8/13/13,476.99,,,,,,,,
8/14/13,477.16,,,,,,,,
8/15/13,475.58,,,,,,,,
8/16/13,474.37,,,,,,,,
8/19/13,473.13,,,,,,,,
8/20/13,474.88,,,,,,,,
8/21/13,472.44,,,,,,,,
8/22/13,471.61,,,,,,,,
8/23/13,473.38,,,,,,,,
8/26/13,474.5,,,,,,,,
8/27/13,476.32,,,,,,,,
8/28/13,474.82,,,,,,,,
8/29/13,475.18,,,,,,,,
8/30/13,474.39,,,,,,,,
9/3/13,472.72,,,,,,,,
9/4/13,471.26,,,,,,,,
9/5/13,468.45,,,,,,,,
9/6/13,470.87,,,,,,,,
9/9/13,471.91,,,,,,,,
9/10/13,470.51,,,,,,,,
9/11/13,472.4,,,,,,,,
9/12/13,472.43,,,,,,,,
9/13/13,472.92,,,,,,,,
9/16/13,475.83,,,,,,,,
9/17/13,474.84,,,,,,,,
9/18/13,479.52,,,,,,,,
9/19/13,478.36,,,,,,,,
9/20/13,478.47,,,,,,,,
9/23/13,479.47,,,,,,,,
9/24/13,480.54,,,,,,,,
9/25/13,481.51,,,,,,,,
9/26/13,480.9,,,,,,,,
9/27/13,481.68,,,,,,,,
9/30/13,482.12,,,,,,,,
10/1/13,481.26,,,,,,,,
10/2/13,482.19,,,,,,,,
10/3/13,482.69,,,,,,,,
10/4/13,481.5,,,,,,,,
10/7/13,481.81,,,,,,,,
10/8/13,481.45,,,,,,,,
10/9/13,481.09,,,,,,,,
10/10/13,480.64,,,,,,,,
10/11/13,481.14,,,,,,,,
10/15/13,480.33,,,,,,,,
10/16/13,481.89,,,,,,,,
10/17/13,483.76,,,,,,,,
10/18/13,483.8,,,,,,,,
10/21/13,483.41,,,,,,,,
10/22/13,485.64,,,,,,,,
10/23/13,486.05,,,,,,,,
10/24/13,485.49,,,,,,,,
10/25/13,486.13,,,,,,,,
10/28/13,485.94,,,,,,,,
10/29/13,486.46,,,,,,,,
10/30/13,485.74,,,,,,,,
10/31/13,485.19,,,,,,,,
11/1/13,483.47,,,,,,,,
11/4/13,484.15,,,,,,,,
11/5/13,483.02,,,,,,,,
11/6/13,484.25,,,,,,,,
11/7/13,485.1,,,,,,,,
11/8/13,481.64,,,,,,,,
11/12/13,480.85,,,,,,,,
11/13/13,482.4,,,,,,,,
11/14/13,484.19,,,,,,,,
11/15/13,483.96,,,,,,,,
11/18/13,485.07,,,,,,,,
11/19/13,483.74,,,,,,,,
11/20/13,482.5,,,,,,,,
11/21/13,482.72,,,,,,,,
11/22/13,483.44,,,,,,,,
11/25/13,483.89,,,,,,,,
11/26/13,484.69,,,,,,,,
11/27/13,483.97,,,,,,,,
11/29/13,483.77,,,,,,,,
12/2/13,482.3,,,,,,,,
12/3/13,482.99,,,,,,,,
12/4/13,481.61,,,,,,,,
12/5/13,480.64,,,,,,,,
12/6/13,480.71,,,,,,,,
12/9/13,480.78,,,,,,,,
12/10/13,482.21,,,,,,,,
12/11/13,481.09,,,,,,,,
12/12/13,479.95,,,,,,,,
12/13/13,480.1,,,,,,,,
12/16/13,480.03,,,,,,,,
12/17/13,481.1,,,,,,,,
12/18/13,479.82,,,,,,,,
12/19/13,478.05,,,,,,,,
12/20/13,477.93,,,,,,,,
12/23/13,477.16,,,,,,,,
12/24/13,475.86,,,,,,,,
12/26/13,475.71,,,,,,,,
12/27/13,475.72,,,,,,,,
12/30/13,476.67,,,,,,,,
12/31/13,475.48,,,,,,,,
1/2/14,476.56,,,,,,,,
1/3/14,476.32,,,,,,,,
1/6/14,477.36,,,,,,,,
1/7/14,477.82,,,,,,,,
1/8/14,475.75,,,,,,,,
1/9/14,476.54,,,,,,,,
1/10/14,479.78,,,,,,,,
1/13/14,480.82,,,,,,,,
1/14/14,479.31,,,,,,,,
1/15/14,478.68,,,,,,,,
1/16/14,479.72,,,,,,,,
1/17/14,480.35,,,,,,,,
1/21/14,479.78,,,,,,,,
1/22/14,478.63,,,,,,,,
1/23/14,481.12,,,,,,,,
1/24/14,482.46,,,,,,,,
1/27/14,481.47,,,,,,,,
1/28/14,482.23,,,,,,,,
1/29/14,483.76,,,,,,,,
1/30/14,483.37,,,,,,,,
1/31/14,484.77,,,,,,,,
2/3/14,486.73,,,,,,,,
2/4/14,485.81,,,,,,,,
2/5/14,484.75,,,,,,,,
2/6/14,483.93,,,,,,,,
2/7/14,485.18,,,,,,,,
2/10/14,485.24,,,,,,,,
2/11/14,483.7,,,,,,,,
2/12/14,482.76,,,,,,,,
2/13/14,484.54,,,,,,,,
2/14/14,484.26,,,,,,,,
2/18/14,485.26,,,,,,,,
2/19/14,484.56,,,,,,,,
2/20/14,483.8,,,,,,,,
2/21/14,484.1,,,,,,,,
2/24/14,483.68,,,,,,,,
2/25/14,484.86,,,,,,,,
2/26/14,485.89,,,,,,,,
2/27/14,486.39,,,,,,,,
2/28/14,485.78,,,,,,,,
3/3/14,487.46,,,,,,,,
3/4/14,485.01,,,,,,,,
3/5/14,485.3,,,,,,,,
3/6/14,484.08,,,,,,,,
3/7/14,482.33,,,,,,,,
3/10/14,482.75,,,,,,,,
3/11/14,483.09,,,,,,,,
3/12/14,484.15,,,,,,,,
3/13/14,486.11,,,,,,,,
3/14/14,485.97,,,,,,,,
3/17/14,484.78,,,,,,,,
3/18/14,485.56,,,,,,,,
3/19/14,481.52,,,,,,,,
3/20/14,481.39,,,,,,,,
3/21/14,481.63,,,,,,,,
3/24/14,481.32,,,,,,,,
3/25/14,481.13,,,,,,,,
3/26/14,482.7,,,,,,,,
3/27/14,482.7,,,,,,,,
3/28/14,481.63,,,,,,,,
3/31/14,481.89,,,,,,,,
4/1/14,481.47,,,,,,,,
4/2/14,479.89,,,,,,,,
4/3/14,479.98,,,,,,,,
4/4/14,482.41,,,,,,,,
4/7/14,483.24,,,,,,,,
4/8/14,483.74,,,,,,,,
4/9/14,484.37,,,,,,,,
4/10/14,485.8,,,,,,,,
4/11/14,486.51,,,,,,,,
4/14/14,485.57,,,,,,,,
4/15/14,485.67,,,,,,,,
4/16/14,484.64,,,,,,,,
4/17/14,482.47,,,,,,,,
4/21/14,482.76,,,,,,,,
4/22/14,482.39,,,,,,,,
4/23/14,483.23,,,,,,,,
4/24/14,483.14,,,,,,,,
4/25/14,483.66,,,,,,,,
4/28/14,483.2,,,,,,,,
4/29/14,483.55,,,,,,,,
4/30/14,484.95,,,,,,,,
5/1/14,485.7,,,,,,,,
5/2/14,485.73,,,,,,,,
5/5/14,485.76,,,,,,,,
5/6/14,485.72,,,,,,,,
5/7/14,486.38,,,,,,,,
5/8/14,487.11,,,,,,,,
5/9/14,487.06,,,,,,,,
5/12/14,486.12,,,,,,,,
5/13/14,487.44,,,,,,,,
5/14/14,489.02,,,,,,,,
5/15/14,490.06,,,,,,,,
5/16/14,489.46,,,,,,,,
5/19/14,489.47,,,,,,,,
5/20/14,490.44,,,,,,,,
5/21/14,489.94,,,,,,,,
5/22/14,489.45,,,,,,,,
5/23/14,489.94,,,,,,,,
5/27/14,490.24,,,,,,,,
5/28/14,491.95,,,,,,,,
5/29/14,491.47,,,,,,,,
5/30/14,490.93,,,,,,,,
6/2/14,489.47,,,,,,,,
6/3/14,487.81,,,,,,,,
6/4/14,487.56,,,,,,,,
6/5/14,488.26,,,,,,,,
6/6/14,487.69,,,,,,,,
6/9/14,487.04,,,,,,,,
6/10/14,486.37,,,,,,,,
6/11/14,486.83,,,,,,,,
6/12/14,488.19,,,,,,,,
6/13/14,487.29,,,,,,,,
6/16/14,487.2,,,,,,,,
6/17/14,485.74,,,,,,,,
6/18/14,487.54,,,,,,,,
6/19/14,487.32,,,,,,,,
6/20/14,487.43,,,,,,,,
6/23/14,487.16,,,,,,,,
6/24/14,488.3,,,,,,,,
6/25/14,488.72,,,,,,,,
6/26/14,489.65,,,,,,,,
6/27/14,489.88,,,,,,,,
6/30/14,490.14,,,,,,,,
7/1/14,489.19,,,,,,,,
7/2/14,487.82,,,,,,,,
7/3/14,487.18,,,,,,,,
7/7/14,487.55,,,,,,,,
7/8/14,488.79,,,,,,,,
7/9/14,489.17,,,,,,,,
7/10/14,489.85,,,,,,,,
7/11/14,490.4,,,,,,,,
7/14/14,489.59,,,,,,,,
7/15/14,489.06,,,,,,,,
7/16/14,489.12,,,,,,,,
7/17/14,491.07,,,,,,,,
7/18/14,490.19,,,,,,,,
7/21/14,490.07,,,,,,,,
7/22/14,490.59,,,,,,,,
7/23/14,490.73,,,,,,,,
7/24/14,489.25,,,,,,,,
7/25/14,490.27,,,,,,,,
7/28/14,489.75,,,,,,,,
7/29/14,490.23,,,,,,,,
7/30/14,488.01,,,,,,,,
7/31/14,488.03,,,,,,,,
8/1/14,490.49,,,,,,,,
8/4/14,490.86,,,,,,,,
8/5/14,490.81,,,,,,,,
8/6/14,491.12,,,,,,,,
8/7/14,492.59,,,,,,,,
8/8/14,492.15,,,,,,,,
8/11/14,492.08,,,,,,,,
8/12/14,491.85,,,,,,,,
8/13/14,493.02,,,,,,,,
8/14/14,493.44,,,,,,,,
8/15/14,494.45,,,,,,,,
8/18/14,493.53,,,,,,,,
8/19/14,493.28,,,,,,,,
8/20/14,491.89,,,,,,,,
8/21/14,492.24,,,,,,,,
8/22/14,491.82,,,,,,,,
8/25/14,491.82,,,,,,,,
8/26/14,492.16,,,,,,,,
8/27/14,492.85,,,,,,,,
8/28/14,493.49,,,,,,,,
8/29/14,493.5,,,,,,,,
9/2/14,491.77,,,,,,,,
9/3/14,492.02,,,,,,,,
9/4/14,491.09,,,,,,,,
9/5/14,491.59,,,,,,,,
9/8/14,490.98,,,,,,,,
9/9/14,489.99,,,,,,,,
9/10/14,489.19,,,,,,,,
9/11/14,488.94,,,,,,,,
9/12/14,487.91,,,,,,,,
9/15/14,488.63,,,,,,,,
9/16/14,488.88,,,,,,,,
9/17/14,487.65,,,,,,,,
9/18/14,487.3,,,,,,,,
9/19/14,488.09,,,,,,,,
9/22/14,489.21,,,,,,,,
9/23/14,489.71,,,,,,,,
9/24/14,488.82,,,,,,,,
9/25/14,490.44,,,,,,,,
9/26/14,489.39,,,,,,,,
9/29/14,490.38,,,,,,,,
9/30/14,490.14,,,,,,,,
10/1/14,493.05,,,,,,,,
10/2/14,492.25,,,,,,,,
10/3/14,491.77,,,,,,,,
10/6/14,492.6,,,,,,,,
10/7/14,494.58,,,,,,,,
10/8/14,496.58,,,,,,,,
10/9/14,495.88,,,,,,,,
10/10/14,496.83,,,,,,,,
10/14/14,499.65,,,,,,,,
10/15/14,502.26,,,,,,,,
10/16/14,501.33,,,,,,,,
10/17/14,500.1,,,,,,,,
10/20/14,500.68,,,,,,,,
10/21/14,499.93,,,,,,,,
10/22/14,499.66,,,,,,,,
10/23/14,498.09,,,,,,,,
10/24/14,498.23,,,,,,,,
10/27/14,498.58,,,,,,,,
10/28/14,497.76,,,,,,,,
10/29/14,495.95,,,,,,,,
10/30/14,496.33,,,,,,,,
10/31/14,495.72,,,,,,,,
11/3/14,495.4,,,,,,,,
11/4/14,495.6,,,,,,,,
11/5/14,495.69,,,,,,,,
11/6/14,494.64,,,,,,,,
11/7/14,496.99,,,,,,,,
11/10/14,495.65,,,,,,,,
11/12/14,495.58,,,,,,,,
11/13/14,496.14,,,,,,,,
11/14/14,496.87,,,,,,,,
11/17/14,496.36,,,,,,,,
11/18/14,496.87,,,,,,,,
11/19/14,495.95,,,,,,,,
11/20/14,496.46,,,,,,,,
11/21/14,497.07,,,,,,,,
11/24/14,497.47,,,,,,,,
11/25/14,498.37,,,,,,,,
11/26/14,499.03,,,,,,,,
11/28/14,500.93,,,,,,,,
12/1/14,499.95,,,,,,,,
12/2/14,498.09,,,,,,,,
12/3/14,497.8,,,,,,,,
12/4/14,498.74,,,,,,,,
12/5/14,496.25,,,,,,,,
12/8/14,497.02,,,,,,,,
12/9/14,498.37,,,,,,,,
12/10/14,499.04,,,,,,,,
12/11/14,499.03,,,,,,,,
12/12/14,501.7,,,,,,,,
12/15/14,500.24,,,,,,,,
12/16/14,501.85,,,,,,,,
12/17/14,499.24,,,,,,,,
12/18/14,497.58,,,,,,,,
12/19/14,498.32,,,,,,,,
12/22/14,498.27,,,,,,,,
12/23/14,495.95,,,,,,,,
12/24/14,495.77,,,,,,,,
12/26/14,496.17,,,,,,,,
12/29/14,497.39,,,,,,,,
12/30/14,498.15,,,,,,,,
12/31/14,498.98,,,,,,,,
1/2/15,500.32,,,,,,,,
1/5/15,502.08,,,,,,,,
1/6/15,504.37,,,,,,,,
1/7/15,504.67,,,,,,,,
1/8/15,503.74,,,,,,,,
1/9/15,505.42,,,,,,,,
1/12/15,506.92,,,,,,,,
1/13/15,507.56,,,,,,,,
1/14/15,509.07,,,,,,,,
1/15/15,512.39,,,,,,,,
1/16/15,509.51,,,,,,,,
1/20/15,509.94,,,,,,,,
1/21/15,508.34,,,,,,,,
1/22/15,507.34,,,,,,,,
1/23/15,509.37,,,,,,,,
1/26/15,508.46,,,,,,,,
1/27/15,509.15,,,,,,,,
1/28/15,511.65,,,,,,,,
1/29/15,510.63,,,,,,,,
1/30/15,513.84,,,,,,,,
2/2/15,513.3,,,,,,,,
2/3/15,510.56,,,,,,,,
2/4/15,511.2,,,,,,,,
2/5/15,510.16,,,,,,,,
2/6/15,505.45,,,,,,,,
2/9/15,505.13,,,,,,,,
2/10/15,504.43,,,,,,,,
2/11/15,504.09,,,,,,,,
2/12/15,504.65,,,,,,,,
2/13/15,503.83,,,,,,,,
2/17/15,501.47,,,,,,,,
2/18/15,503.49,,,,,,,,
2/19/15,502.51,,,,,,,,
2/20/15,501.96,,,,,,,,
2/23/15,503.55,,,,,,,,
2/24/15,506.1,,,,,,,,
2/25/15,506.43,,,,,,,,
2/26/15,504,,,,,,,,
2/27/15,505.28,,,,,,,,
3/2/15,502.95,,,,,,,,
3/3/15,502.16,,,,,,,,
3/4/15,502.57,,,,,,,,
3/5/15,503.09,,,,,,,,
3/6/15,499.46,,,,,,,,
3/9/15,500.95,,,,,,,,
3/10/15,502.4,,,,,,,,
3/11/15,502.75,,,,,,,,
3/12/15,503.14,,,,,,,,
3/13/15,502.9,,,,,,,,
3/16/15,503.94,,,,,,,,
3/17/15,504.43,,,,,,,,
3/18/15,508.96,,,,,,,,
3/19/15,506.8,,,,,,,,
3/20/15,508.64,,,,,,,,
3/23/15,509.19,,,,,,,,
3/24/15,510.23,,,,,,,,
3/25/15,508.85,,,,,,,,
3/26/15,507.05,,,,,,,,
3/27/15,508.26,,,,,,,,
3/30/15,508.61,,,,,,,,
3/31/15,509.68,,,,,,,,
4/1/15,511.24,,,,,,,,
4/2/15,510.28,,,,,,,,
4/3/15,513.01,,,,,,,,
4/6/15,511.49,,,,,,,,
4/7/15,511.27,,,,,,,,
4/8/15,510.9,,,,,,,,
4/9/15,509.46,,,,,,,,
4/10/15,509.27,,,,,,,,
4/13/15,510.09,,,,,,,,
4/14/15,511.05,,,,,,,,
4/15/15,511.45,,,,,,,,
4/16/15,512.07,,,,,,,,
4/17/15,512.21,,,,,,,,
4/20/15,511.73,,,,,,,,
4/21/15,511.26,,,,,,,,
4/22/15,509.29,,,,,,,,
4/23/15,510.36,,,,,,,,
4/24/15,511.67,,,,,,,,
4/27/15,511.23,,,,,,,,
4/28/15,509.56,,,,,,,,
4/29/15,508.54,,,,,,,,
4/30/15,508.44,,,,,,,,
5/1/15,506.46,,,,,,,,
5/4/15,506.2,,,,,,,,
5/5/15,505.46,,,,,,,,
5/6/15,504.13,,,,,,,,
5/7/15,504.99,,,,,,,,
5/8/15,506.92,,,,,,,,
5/11/15,503.8,,,,,,,,
5/12/15,504.09,,,,,,,,
5/13/15,504.04,,,,,,,,
5/14/15,505.56,,,,,,,,
5/15/15,507.47,,,,,,,,
5/18/15,505.43,,,,,,,,
5/19/15,503.56,,,,,,,,
5/20/15,504.67,,,,,,,,
5/21/15,506.38,,,,,,,,
5/22/15,505.23,,,,,,,,
5/26/15,506.8,,,,,,,,
5/27/15,506.73,,,,,,,,
5/28/15,507.34,,,,,,,,
5/29/15,507.91,,,,,,,,
6/1/15,506.15,,,,,,,,
6/2/15,504.17,,,,,,,,
6/3/15,501.4,,,,,,,,
6/4/15,502.97,,,,,,,,
6/5/15,500.3,,,,,,,,
6/8/15,501.09,,,,,,,,
6/9/15,499.97,,,,,,,,
6/10/15,498.75,,,,,,,,
6/11/15,500.91,,,,,,,,
6/12/15,500.75,,,,,,,,
6/15/15,501.76,,,,,,,,
6/16/15,502.89,,,,,,,,
6/17/15,503.76,,,,,,,,
6/18/15,503.61,,,,,,,,
6/19/15,505.32,,,,,,,,
6/22/15,502.52,,,,,,,,
6/23/15,501.66,,,,,,,,
6/24/15,502.52,,,,,,,,
6/25/15,501.69,,,,,,,,
6/26/15,500.43,,,,,,,,
6/29/15,504.37,,,,,,,,
6/30/15,503.7,,,,,,,,
7/1/15,501.92,,,,,,,,
7/2/15,503.58,,,,,,,,
7/6/15,505.85,,,,,,,,
7/7/15,506.76,,,,,,,,
7/8/15,508.09,,,,,,,,
7/9/15,505.75,,,,,,,,
7/10/15,503.36,,,,,,,,
7/13/15,502.18,,,,,,,,
7/14/15,503.54,,,,,,,,
7/15/15,504.71,,,,,,,,
7/16/15,504.37,,,,,,,,
7/17/15,503.99,,,,,,,,
7/20/15,503.09,,,,,,,,
7/21/15,504.18,,,,,,,,
7/22/15,504.33,,,,,,,,
7/23/15,505.57,,,,,,,,
7/24/15,506.03,,,,,,,,
7/27/15,507.58,,,,,,,,
7/28/15,506.69,,,,,,,,
7/29/15,506.06,,,,,,,,
7/30/15,506.21,,,,,,,,
7/31/15,508.71,,,,,,,,
8/3/15,509.56,,,,,,,,
8/4/15,507.23,,,,,,,,
8/5/15,505.95,,,,,,,,
8/6/15,507.06,,,,,,,,
8/7/15,508.15,,,,,,,,
8/10/15,507.04,,,,,,,,
8/11/15,509.63,,,,,,,,
8/12/15,509.66,,,,,,,,
8/13/15,508.32,,,,,,,,
8/14/15,507.83,,,,,,,,
8/17/15,508.67,,,,,,,,
8/18/15,508.22,,,,,,,,
8/19/15,510.59,,,,,,,,
8/20/15,511.25,,,,,,,,
8/21/15,512.58,,,,,,,,
8/24/15,513.78,,,,,,,,
8/25/15,511.98,,,,,,,,
8/26/15,510.16,,,,,,,,
8/27/15,510,,,,,,,,
8/28/15,509.7,,,,,,,,
8/31/15,508.99,,,,,,,,
9/1/15,510.44,,,,,,,,
9/2/15,509.78,,,,,,,,
9/3/15,510.69,,,,,,,,
9/4/15,511.53,,,,,,,,
9/8/15,509.97,,,,,,,,
9/9/15,510.27,,,,,,,,
9/10/15,509.56,,,,,,,,
9/11/15,510.75,,,,,,,,
9/14/15,511.07,,,,,,,,
9/15/15,508.12,,,,,,,,
9/16/15,507.95,,,,,,,,
9/17/15,511.41,,,,,,,,
9/18/15,512.9,,,,,,,,
9/21/15,511.15,,,,,,,,
9/22/15,512.94,,,,,,,,
9/23/15,512.57,,,,,,,,
9/24/15,513.17,,,,,,,,
9/25/15,512.38,,,,,,,,
9/28/15,514.24,,,,,,,,
9/29/15,515.45,,,,,,,,
9/30/15,515.66,,,,,,,,
10/1/15,515.8,,,,,,,,
10/2/15,518.04,,,,,,,,
10/5/15,516.22,,,,,,,,
10/6/15,516.88,,,,,,,,
10/7/15,515.74,,,,,,,,
10/8/15,515.06,,,,,,,,
10/9/15,514.83,,,,,,,,
10/13/15,516.7,,,,,,,,
10/14/15,518.78,,,,,,,,
10/15/15,517.37,,,,,,,,
10/16/15,516.9,,,,,,,,
10/19/15,516.89,,,,,,,,
10/20/15,515.59,,,,,,,,
10/21/15,516.69,,,,,,,,
10/22/15,517.04,,,,,,,,
10/23/15,515.01,,,,,,,,
10/26/15,515.73,,,,,,,,
10/27/15,516.77,,,,,,,,
10/28/15,514.19,,,,,,,,
10/29/15,512.55,,,,,,,,
10/30/15,512.9,,,,,,,,
11/2/15,511.82,,,,,,,,
11/3/15,510.94,,,,,,,,
11/4/15,509.93,,,,,,,,
11/5/15,509.71,,,,,,,,
11/6/15,507.14,,,,,,,,
11/9/15,506.67,,,,,,,,
11/10/15,507.57,,,,,,,,
11/12/15,507.66,,,,,,,,
11/13/15,509.13,,,,,,,,
11/16/15,509.56,,,,,,,,
11/17/15,509.44,,,,,,,,
11/18/15,509.08,,,,,,,,
11/19/15,509.72,,,,,,,,
11/20/15,509.36,,,,,,,,
11/23/15,509.68,,,,,,,,
11/24/15,510.21,,,,,,,,
11/25/15,510.3,,,,,,,,
11/27/15,510.83,,,,,,,,
11/30/15,510.79,,,,,,,,
12/1/15,512.54,,,,,,,,
12/2/15,511.41,,,,,,,,
12/3/15,508.12,,,,,,,,
12/4/15,509.08,,,,,,,,
12/7/15,510.18,,,,,,,,
12/8/15,510.51,,,,,,,,
12/9/15,511.17,,,,,,,,
12/10/15,510.24,,,,,,,,
12/11/15,513.28,,,,,,,,
12/14/15,510.79,,,,,,,,
12/15/15,509.57,,,,,,,,
12/16/15,508.47,,,,,,,,
12/17/15,509.69,,,,,,,,
12/18/15,511.08,,,,,,,,
12/21/15,511.33,,,,,,,,
12/22/15,510.2,,,,,,,,
12/23/15,509.56,,,,,,,,
12/24/15,509.98,,,,,,,,
12/28/15,510.14,,,,,,,,
12/29/15,508.12,,,,,,,,
12/30/15,508.23,,,,,,,,
12/31/15,509.44,,,,,,,,
1/4/16,510.47,,,,,,,,
1/5/16,510.6,,,,,,,,
1/6/16,512.73,,,,,,,,
1/7/16,513.89,,,,,,,,
1/8/16,515.25,,,,,,,,
1/11/16,514.34,,,,,,,,
1/12/16,515.62,,,,,,,,
1/13/16,517.05,,,,,,,,
1/14/16,516.55,,,,,,,,
1/15/16,518.65,,,,,,,,
1/19/16,517.9,,,,,,,,
1/20/16,519.72,,,,,,,,
1/21/16,519.09,,,,,,,,
1/22/16,518.05,,,,,,,,
1/25/16,518.96,,,,,,,,
1/26/16,519.44,,,,,,,,
1/27/16,520.03,,,,,,,,
1/28/16,520.63,,,,,,,,
1/29/16,522.66,,,,,,,,
2/1/16,521.6,,,,,,,,
2/2/16,524.34,,,,,,,,
2/3/16,524.37,,,,,,,,
2/4/16,525.08,,,,,,,,
2/5/16,525.3,,,,,,,,
2/8/16,527.96,,,,,,,,
2/9/16,527.86,,,,,,,,
2/10/16,528.85,,,,,,,,
2/11/16,529.95,,,,,,,,
2/12/16,527.36,,,,,,,,
2/16/16,526.42,,,,,,,,
2/17/16,525.43,,,,,,,,
2/18/16,527.22,,,,,,,,
2/19/16,526.78,,,,,,,,
2/22/16,526.41,,,,,,,,
2/23/16,527.22,,,,,,,,
2/24/16,527.31,,,,,,,,
2/25/16,528.52,,,,,,,,
2/26/16,526.56,,,,,,,,
2/29/16,526.96,,,,,,,,
3/1/16,523.89,,,,,,,,
3/2/16,523.16,,,,,,,,
3/3/16,523.37,,,,,,,,
3/4/16,522.32,,,,,,,,
3/7/16,521.45,,,,,,,,
3/8/16,523.67,,,,,,,,
3/9/16,522.29,,,,,,,,
3/10/16,520.58,,,,,,,,
3/11/16,519.61,,,,,,,,
3/14/16,519.77,,,,,,,,
3/15/16,519.7,,,,,,,,
3/16/16,522.33,,,,,,,,
3/17/16,522.68,,,,,,,,
3/18/16,523.71,,,,,,,,
3/21/16,522.6,,,,,,,,
3/22/16,521.67,,,,,,,,
3/23/16,523.47,,,,,,,,
3/24/16,522.96,,,,,,,,
3/28/16,523.35,,,,,,,,
3/29/16,526.2,,,,,,,,
3/30/16,526.47,,,,,,,,
3/31/16,527.85,,,,,,,,
4/1/16,527.62,,,,,,,,
4/4/16,528.21,,,,,,,,
4/5/16,529.6,,,,,,,,
4/6/16,528.75,,,,,,,,
4/7/16,530.78,,,,,,,,
4/8/16,530.21,,,,,,,,
4/11/16,530.2,,,,,,,,
4/12/16,528.61,,,,,,,,
4/13/16,528.53,,,,,,,,
4/14/16,527.5,,,,,,,,
4/15/16,528.79,,,,,,,,
4/18/16,528.38,,,,,,,,
4/19/16,527.62,,,,,,,,
4/20/16,525.97,,,,,,,,
4/21/16,525.32,,,,,,,,
4/22/16,524.91,,,,,,,,
4/25/16,524.5,,,,,,,,
4/26/16,523.62,,,,,,,,
4/27/16,525.79,,,,,,,,
4/28/16,527.09,,,,,,,,
4/29/16,527.1,,,,,,,,
5/2/16,526.07,,,,,,,,
5/3/16,528.14,,,,,,,,
5/4/16,528.93,,,,,,,,
5/5/16,529.91,,,,,,,,
5/6/16,529.02,,,,,,,,
5/9/16,530.14,,,,,,,,
5/10/16,530.01,,,,,,,,
5/11/16,530.27,,,,,,,,
5/12/16,529.24,,,,,,,,
5/13/16,530.41,,,,,,,,
5/16/16,528.89,,,,,,,,
5/17/16,528.39,,,,,,,,
5/18/16,525.15,,,,,,,,
5/19/16,525.67,,,,,,,,
5/20/16,525.99,,,,,,,,
5/23/16,526.1,,,,,,,,
5/24/16,525.19,,,,,,,,
5/25/16,524.98,,,,,,,,
5/26/16,526.54,,,,,,,,
5/27/16,525.63,,,,,,,,
5/31/16,525.97,,,,,,,,
6/1/16,525.71,,,,,,,,
6/2/16,526.86,,,,,,,,
6/3/16,530.71,,,,,,,,
6/6/16,529.93,,,,,,,,
6/7/16,530.53,,,,,,,,
6/8/16,530.63,,,,,,,,
6/9/16,531.16,,,,,,,,
6/10/16,532.52,,,,,,,,
6/13/16,533.6,,,,,,,,
6/14/16,533.34,,,,,,,,
6/15/16,535.01,,,,,,,,
6/16/16,534.99,,,,,,,,
6/17/16,534.18,,,,,,,,
6/20/16,532.53,,,,,,,,
6/21/16,531.74,,,,,,,,
6/22/16,532.45,,,,,,,,
6/23/16,530.51,,,,,,,,
6/24/16,535.81,,,,,,,,
6/27/16,538.77,,,,,,,,
6/28/16,538.82,,,,,,,,
6/29/16,537.2,,,,,,,,
6/30/16,538.12,,,,,,,,
7/1/16,538.43,,,,,,,,
7/5/16,541.04,,,,,,,,
7/6/16,540.31,,,,,,,,
7/7/16,540.45,,,,,,,,
7/8/16,540.77,,,,,,,,
7/11/16,538.58,,,,,,,,
7/12/16,536.54,,,,,,,,
7/13/16,537.57,,,,,,,,
7/14/16,536.25,,,,,,,,
7/15/16,534.52,,,,,,,,
7/18/16,535.05,,,,,,,,
7/19/16,535.76,,,,,,,,
7/20/16,534.94,,,,,,,,
7/21/16,535.87,,,,,,,,
7/22/16,535.4,,,,,,,,
7/25/16,535.14,,,,,,,,
7/26/16,535.3,,,,,,,,
7/27/16,536.84,,,,,,,,
7/28/16,536.92,,,,,,,,
7/29/16,538.75,,,,,,,,
8/1/16,538,,,,,,,,
8/2/16,537.27,,,,,,,,
8/3/16,537.42,,,,,,,,
8/4/16,538.69,,,,,,,,
8/5/16,535.75,,,,,,,,
8/8/16,535.56,,,,,,,,
8/9/16,536.54,,,,,,,,
8/10/16,537.76,,,,,,,,
8/11/16,535.39,,,,,,,,
8/12/16,536.99,,,,,,,,
8/15/16,536.13,,,,,,,,
8/16/16,535.31,,,,,,,,
8/17/16,535.69,,,,,,,,
8/18/16,536.72,,,,,,,,
8/19/16,535.17,,,,,,,,
8/22/16,536.26,,,,,,,,
8/23/16,536.03,,,,,,,,
8/24/16,536.07,,,,,,,,
8/25/16,535.45,,,,,,,,
8/26/16,533.06,,,,,,,,
8/29/16,535.06,,,,,,,,
8/30/16,534.84,,,,,,,,
8/31/16,534.8,,,,,,,,
9/1/16,534.84,,,,,,,,
9/2/16,534.33,,,,,,,,
9/6/16,536.44,,,,,,,,
9/7/16,536.47,,,,,,,,
9/8/16,534.27,,,,,,,,
9/9/16,533.07,,,,,,,,
9/12/16,533.66,,,,,,,,
9/13/16,532.45,,,,,,,,
9/14/16,533.4,,,,,,,,
9/15/16,533.84,,,,,,,,
9/16/16,533.92,,,,,,,,
9/19/16,533.47,,,,,,,,
9/20/16,533.89,,,,,,,,
9/21/16,534.38,,,,,,,,
9/22/16,535.25,,,,,,,,
9/23/16,535.6,,,,,,,,
9/26/16,536.94,,,,,,,,
9/27/16,537.36,,,,,,,,
9/28/16,536.97,,,,,,,,
9/29/16,537.52,,,,,,,,
9/30/16,536.38,,,,,,,,
10/3/16,535.58,,,,,,,,
10/4/16,534.01,,,,,,,,
10/5/16,533.13,,,,,,,,
10/6/16,532.23,,,,,,,,
10/7/16,532.83,,,,,,,,
10/11/16,531.77,,,,,,,,
10/12/16,531.82,,,,,,,,
10/13/16,532.85,,,,,,,,
10/14/16,531.92,,,,,,,,
10/17/16,533.02,,,,,,,,
10/18/16,533.6,,,,,,,,
10/19/16,533.74,,,,,,,,
10/20/16,533.37,,,,,,,,
10/21/16,533.55,,,,,,,,
10/24/16,532.99,,,,,,,,
10/25/16,533,,,,,,,,
10/26/16,532.23,,,,,,,,
10/27/16,530.9,,,,,,,,
10/28/16,531.18,,,,,,,,
10/31/16,531.77,,,,,,,,
11/1/16,531.99,,,,,,,,
11/2/16,533.12,,,,,,,,
11/3/16,533.11,,,,,,,,
11/4/16,534.16,,,,,,,,
11/7/16,532.45,,,,,,,,
11/8/16,530.97,,,,,,,,
11/9/16,525.88,,,,,,,,
11/10/16,523.87,,,,,,,,
11/14/16,520.81,,,,,,,,
11/15/16,520.47,,,,,,,,
11/16/16,520.63,,,,,,,,
11/17/16,519.14,,,,,,,,
11/18/16,517.2,,,,,,,,
11/21/16,517.69,,,,,,,,
11/22/16,517.99,,,,,,,,
11/23/16,516.38,,,,,,,,
11/25/16,516.28,,,,,,,,
11/28/16,517.69,,,,,,,,
11/29/16,517.98,,,,,,,,
11/30/16,515.88,,,,,,,,
12/1/16,514.5,,,,,,,,
12/2/16,516.34,,,,,,,,
12/5/16,516.17,,,,,,,,
12/6/16,516.51,,,,,,,,
12/7/16,517.74,,,,,,,,
12/8/16,516.64,,,,,,,,
12/9/16,514.77,,,,,,,,
12/12/16,514.98,,,,,,,,
12/13/16,514.86,,,,,,,,
12/14/16,511.2,,,,,,,,
12/15/16,509.72,,,,,,,,
12/16/16,510.43,,,,,,,,
12/19/16,512.17,,,,,,,,
12/20/16,511.52,,,,,,,,
12/21/16,512.13,,,,,,,,
12/22/16,511.91,,,,,,,,
12/23/16,512.21,,,,,,,,
12/27/16,511.65,,,,,,,,
12/28/16,513.13,,,,,,,,
12/29/16,514.5,,,,,,,,
12/30/16,515.45,,,,,,,,
1/3/17,515.54,,,,,,,,
1/4/17,516.01,,,,,,,,
1/5/17,518.39,,,,,,,,
1/6/17,516.48,,,,,,,,
1/9/17,518.01,,,,,,,,
1/10/17,517.99,,,,,,,,
1/11/17,518.16,,,,,,,,
1/12/17,518.61,,,,,,,,
1/13/17,517.56,,,,,,,,
1/17/17,519.78,,,,,,,,
1/18/17,516.76,,,,,,,,
1/19/17,515.58,,,,,,,,
1/20/17,516.11,,,,,,,,
1/23/17,518.35,,,,,,,,
1/24/17,516.75,,,,,,,,
1/25/17,514.97,,,,,,,,
1/26/17,515.69,,,,,,,,
1/27/17,516.1,,,,,,,,
1/30/17,516.15,,,,,,,,
1/31/17,517.43,,,,,,,,
2/1/17,516.81,,,,,,,,
2/2/17,517,,,,,,,,
2/3/17,517.31,,,,,,,,
2/6/17,519.29,,,,,,,,
2/7/17,519.73,,,,,,,,
2/8/17,521.18,,,,,,,,
2/9/17,519.11,,,,,,,,
2/10/17,518.79,,,,,,,,
2/13/17,518.19,,,,,,,,
2/14/17,516.56,,,,,,,,
2/15/17,515.67,,,,,,,,
2/16/17,517.4,,,,,,,,
2/17/17,518.52,,,,,,,,
2/21/17,518.34,,,,,,,,
2/22/17,518.99,,,,,,,,
2/23/17,520.07,,,,,,,,
2/24/17,521.81,,,,,,,,
2/27/17,520.23,,,,,,,,
2/28/17,519.83,,,,,,,,
3/1/17,516.91,,,,,,,,
3/2/17,515.96,,,,,,,,
3/3/17,516.38,,,,,,,,
3/6/17,516.39,,,,,,,,
3/7/17,515.54,,,,,,,,
3/8/17,514.34,,,,,,,,
3/9/17,513.12,,,,,,,,
3/10/17,513.94,,,,,,,,
3/13/17,513.1,,,,,,,,
3/14/17,513.48,,,,,,,,
3/15/17,516.99,,,,,,,,
3/16/17,515.98,,,,,,,,
3/17/17,516.94,,,,,,,,
3/20/17,517.89,,,,,,,,
3/21/17,519.19,,,,,,,,
3/22/17,519.62,,,,,,,,
3/23/17,519.25,,,,,,,,
3/24/17,519.38,,,,,,,,
3/27/17,520.37,,,,,,,,
3/28/17,519.08,,,,,,,,
3/29/17,520.34,,,,,,,,
3/30/17,519.29,,,,,,,,
3/31/17,520.21,,,,,,,,
4/3/17,522.38,,,,,,,,
4/4/17,521.85,,,,,,,,
4/5/17,522.84,,,,,,,,
4/6/17,522.58,,,,,,,,
4/7/17,520.96,,,,,,,,
4/10/17,521.66,,,,,,,,
4/11/17,523.64,,,,,,,,
4/12/17,524.85,,,,,,,,
4/13/17,525.94,,,,,,,,
4/17/17,525.41,,,,,,,,
4/18/17,527.81,,,,,,,,
4/19/17,526.65,,,,,,,,
4/20/17,525.75,,,,,,,,
4/21/17,526.14,,,,,,,,
4/24/17,525.22,,,,,,,,
4/25/17,523.32,,,,,,,,
4/26/17,524.34,,,,,,,,
4/27/17,524.74,,,,,,,,
4/28/17,525.01,,,,,,,,
5/1/17,524.19,,,,,,,,
5/2/17,525.21,,,,,,,,
5/3/17,524.01,,,,,,,,
5/4/17,523.22,,,,,,,,
5/5/17,523.43,,,,,,,,
5/8/17,522.52,,,,,,,,
5/9/17,522.19,,,,,,,,
5/10/17,522,,,,,,,,
5/11/17,522.47,,,,,,,,
5/12/17,524.52,,,,,,,,
5/15/17,524.23,,,,,,,,
5/16/17,524.67,,,,,,,,
5/17/17,527.9,,,,,,,,
5/18/17,527.4,,,,,,,,
5/19/17,527.18,,,,,,,,
5/22/17,526.84,,,,,,,,
5/23/17,525.78,,,,,,,,
5/24/17,526.97,,,,,,,,
5/25/17,526.98,,,,,,,,
5/26/17,527.14,,,,,,,,
5/30/17,528.14,,,,,,,,
5/31/17,528.38,,,,,,,,
6/1/17,528.23,,,,,,,,
6/2/17,529.96,,,,,,,,
6/5/17,529.2,,,,,,,,
6/6/17,530.43,,,,,,,,
6/7/17,529.51,,,,,,,,
6/8/17,529.03,,,,,,,,
6/9/17,528.57,,,,,,,,
6/12/17,528.6,,,,,,,,
6/13/17,528.61,,,,,,,,
6/14/17,530.51,,,,,,,,
6/15/17,529.52,,,,,,,,
6/16/17,529.92,,,,,,,,
6/19/17,528.72,,,,,,,,
6/20/17,529.63,,,,,,,,
6/21/17,529.44,,,,,,,,
6/22/17,529.78,,,,,,,,
6/23/17,529.91,,,,,,,,
6/26/17,530.14,,,,,,,,
6/27/17,528.16,,,,,,,,
6/28/17,528.35,,,,,,,,
6/29/17,527.08,,,,,,,,
6/30/17,525.94,,,,,,,,
7/3/17,524.66,,,,,,,,
7/5/17,525.11,,,,,,,,
7/6/17,524.47,,,,,,,,
7/7/17,524.06,,,,,,,,
7/10/17,524.76,,,,,,,,
7/11/17,525.34,,,,,,,,
7/12/17,526.59,,,,,,,,
7/13/17,526.04,,,,,,,,
7/14/17,526.86,,,,,,,,
7/17/17,527.31,,,,,,,,
7/18/17,528.67,,,,,,,,
7/19/17,528.4,,,,,,,,
7/20/17,528.43,,,,,,,,
7/21/17,529.24,,,,,,,,
7/24/17,528.87,,,,,,,,
7/25/17,526.74,,,,,,,,
7/26/17,528.26,,,,,,,,
7/27/17,527.83,,,,,,,,
7/28/17,528.4,,,,,,,,
7/31/17,528.42,,,,,,,,
8/1/17,529.53,,,,,,,,
8/2/17,529.07,,,,,,,,
8/3/17,530.34,,,,,,,,
8/4/17,529.24,,,,,,,,
8/7/17,529.46,,,,,,,,
8/8/17,529.22,,,,,,,,
8/9/17,529.83,,,,,,,,
8/10/17,531.1,,,,,,,,
8/11/17,531.83,,,,,,,,
8/14/17,530.87,,,,,,,,
8/15/17,529.57,,,,,,,,
8/16/17,530.55,,,,,,,,
8/17/17,531.86,,,,,,,,
8/18/17,531.72,,,,,,,,
8/21/17,532.05,,,,,,,,
8/22/17,531.1,,,,,,,,
8/23/17,532.5,,,,,,,,
8/24/17,531.69,,,,,,,,
8/25/17,532.23,,,,,,,,
8/28/17,532.81,,,,,,,,
8/29/17,533.76,,,,,,,,
8/30/17,533.2,,,,,,,,
8/31/17,533.83,,,,,,,,
9/1/17,532.71,,,,,,,,
9/5/17,535.64,,,,,,,,
9/6/17,534.49,,,,,,,,
9/7/17,536.33,,,,,,,,
9/8/17,535.96,,,,,,,,
9/11/17,533.87,,,,,,,,
9/12/17,532.8,,,,,,,,
9/13/17,532.09,,,,,,,,
9/14/17,532.02,,,,,,,,
9/15/17,531.5,,,,,,,,
9/18/17,530.9,,,,,,,,
9/19/17,530.53,,,,,,,,
9/20/17,529.53,,,,,,,,
9/21/17,529.13,,,,,,,,
9/22/17,529.84,,,,,,,,
9/25/17,531.01,,,,,,,,
9/26/17,530.47,,,,,,,,
9/27/17,528.9,,,,,,,,
9/28/17,529.18,,,,,,,,
9/29/17,528.25,,,,,,,,
10/2/17,528.08,,,,,,,,
10/3/17,528.66,,,,,,,,
10/4/17,528.72,,,,,,,,
10/5/17,527.99,,,,,,,,
10/6/17,527.49,,,,,,,,
10/10/17,528.21,,,,,,,,
10/11/17,528.44,,,,,,,,
10/12/17,528.76,,,,,,,,
10/13/17,529.91,,,,,,,,
10/16/17,528.99,,,,,,,,
10/17/17,528.65,,,,,,,,
10/18/17,527.78,,,,,,,,
10/19/17,528.39,,,,,,,,
10/20/17,526.63,,,,,,,,
10/23/17,527.29,,,,,,,,
10/24/17,526.2,,,,,,,,
10/25/17,525.79,,,,,,,,
10/26/17,525.2,,,,,,,,
10/27/17,526.37,,,,,,,,
10/30/17,527.79,,,,,,,,
10/31/17,527.32,,,,,,,,
11/1/17,527.41,,,,,,,,
11/2/17,528.04,,,,,,,,
11/3/17,528.4,,,,,,,,
11/6/17,528.92,,,,,,,,
11/7/17,528.92,,,,,,,,
11/8/17,528.31,,,,,,,,
11/9/17,528.34,,,,,,,,
11/10/17,526.55,,,,,,,,
11/13/17,526.36,,,,,,,,
11/14/17,526.75,,,,,,,,
11/15/17,527.97,,,,,,,,
11/16/17,526.88,,,,,,,,
11/17/17,527.34,,,,,,,,
11/20/17,526.53,,,,,,,,
11/21/17,526.29,,,,,,,,
11/22/17,527.86,,,,,,,,
11/24/17,527.41,,,,,,,,
11/27/17,527.89,,,,,,,,
11/28/17,527.79,,,,,,,,
11/29/17,526.61,,,,,,,,
11/30/17,525.34,,,,,,,,
12/1/17,526.5,,,,,,,,
12/4/17,526.14,,,,,,,,
12/5/17,526.28,,,,,,,,
12/6/17,527.09,,,,,,,,
12/7/17,526.49,,,,,,,,
12/8/17,526.22,,,,,,,,
12/11/17,525.95,,,,,,,,
12/12/17,525.58,,,,,,,,
12/13/17,527.38,,,,,,,,
12/14/17,526.89,,,,,,,,
12/15/17,526.59,,,,,,,,
12/18/17,526,,,,,,,,
12/19/17,524.44,,,,,,,,
12/20/17,523.61,,,,,,,,
12/21/17,523.59,,,,,,,,
12/22/17,523.59,,,,,,,,
12/26/17,524.05,,,,,,,,
12/27/17,525.43,,,,,,,,
12/28/17,524.82,,,,,,,,
12/29/17,525.56,,,,,,,,
1/2/18,524.52,,,,,,,,
1/3/18,524.77,,,,,,,,
1/4/18,524.23,,,,,,,,
1/5/18,523.74,,,,,,,,
1/8/18,523.69,,,,,,,,
1/9/18,522.19,,,,,,,,
1/10/18,522.27,,,,,,,,
1/11/18,522.35,,,,,,,,
1/12/18,521.84,,,,,,,,
1/16/18,521.98,,,,,,,,
1/17/18,520.97,,,,,,,,
1/18/18,520.08,,,,,,,,
1/19/18,519.15,,,,,,,,
1/22/18,519.09,,,,,,,,
1/23/18,520.27,,,,,,,,
1/24/18,519.63,,,,,,,,
1/25/18,520.3,,,,,,,,
1/26/18,518.9,,,,,,,,
1/29/18,518.19,,,,,,,,
1/30/18,517.51,,,,,,,,
1/31/18,517.29,,,,,,,,
2/1/18,515.6,,,,,,,,
2/2/18,514.81,,,,,,,,
2/5/18,518.27,,,,,,,,
2/6/18,516.46,,,,,,,,
2/7/18,515.51,,,,,,,,
2/8/18,516.16,,,,,,,,
2/9/18,515.95,,,,,,,,
2/12/18,515.52,,,,,,,,
2/13/18,516.16,,,,,,,,
2/14/18,513.43,,,,,,,,
2/15/18,513.46,,,,,,,,
2/16/18,514.34,,,,,,,,
2/20/18,514.04,,,,,,,,
2/21/18,512.99,,,,,,,,
2/22/18,513.74,,,,,,,,
2/23/18,514.93,,,,,,,,
2/26/18,515.43,,,,,,,,
2/27/18,514.05,,,,,,,,
2/28/18,514.81,,,,,,,,
3/1/18,516.69,,,,,,,,
3/2/18,515.19,,,,,,,,
3/5/18,514.83,,,,,,,,
3/6/18,514.78,,,,,,,,
3/7/18,514.82,,,,,,,,
3/8/18,515.55,,,,,,,,
3/9/18,514.82,,,,,,,,
3/12/18,515.6,,,,,,,,
3/13/18,516.13,,,,,,,,
3/14/18,516.71,,,,,,,,
3/15/18,516.57,,,,,,,,
3/16/18,516,,,,,,,,
3/19/18,515.84,,,,,,,,
3/20/18,514.88,,,,,,,,
3/21/18,515.35,,,,,,,,
3/22/18,516.87,,,,,,,,
3/23/18,517.36,,,,,,,,
3/26/18,516.36,,,,,,,,
3/27/18,518.44,,,,,,,,
3/28/18,518.13,,,,,,,,
3/29/18,518.77,,,,,,,,
4/2/18,519.3,,,,,,,,
4/3/18,517.97,,,,,,,,
4/4/18,517.76,,,,,,,,
4/5/18,516.91,,,,,,,,
4/6/18,518.73,,,,,,,,
4/9/18,518.67,,,,,,,,
4/10/18,517.89,,,,,,,,
4/11/18,518.23,,,,,,,,
4/12/18,516.71,,,,,,,,
4/13/18,516.88,,,,,,,,
4/16/18,516.67,,,,,,,,
4/17/18,516.88,,,,,,,,
4/18/18,515.36,,,,,,,,
4/19/18,514.49,,,,,,,,
4/20/18,513.24,,,,,,,,
4/23/18,512.8,,,,,,,,
4/24/18,512.55,,,,,,,,
4/25/18,512.01,,,,,,,,
4/26/18,512.89,,,,,,,,
4/27/18,513.47,,,,,,,,
4/30/18,513.86,,,,,,,,
5/1/18,513.25,,,,,,,,
5/2/18,513.66,,,,,,,,
5/3/18,514.47,,,,,,,,
5/4/18,514.5,,,,,,,,
5/7/18,514.46,,,,,,,,
5/8/18,513.81,,,,,,,,
5/9/18,512.98,,,,,,,,
5/10/18,513.51,,,,,,,,
5/11/18,513.5,,,,,,,,
5/14/18,512.91,,,,,,,,
5/15/18,511,,,,,,,,
5/16/18,510.35,,,,,,,,
5/17/18,510.29,,,,,,,,
5/18/18,511.75,,,,,,,,
5/21/18,511.95,,,,,,,,
5/22/18,511.89,,,,,,,,
5/23/18,513.67,,,,,,,,
5/24/18,514.44,,,,,,,,
5/25/18,515.99,,,,,,,,
,,,,,,,,,
,,,,,,,,,
,,,,,,,,,
"Source: S&P Dow Jones Indices LLC, a division of S&P Global.

 The launch date of the S&P U.S. Treasury Bond 5-7 Year Index was March 24, 2010.

All information presented prior to the index launch date is back-tested. Back-tested performance is not actual performance, but is hypothetical. The back-test calculations are based on the same methodology that was in effect when the index was officially launched. Past performance is not an indication or guarantee of future results.  Please see the Performance Disclosure at http://www.spindices.com/regulatory-affairs-disclaimers/ for more information regarding the inherent limitations associated with back-tested performance.

Copyright  2018 S&P Dow Jones Indices LLC, a division of S&P Global. All rights reserved. Redistribution or reproduction in whole or in part are prohibited without written permission. STANDARD & POORS and S&P are registered trademarks of Standard & Poors Financial Services LLC, a division of S&P Global (S&P); DOW JONES is a registered trademark of Dow Jones Trademark Holdings LLC (Dow Jones); and these trademarks have been licensed for use by S&P Dow Jones Indices LLC. S&P Dow Jones Indices LLC, Dow Jones, S&P and their respective affiliates (S&P Dow Jones Indices) and third party licensors makes no representation or warranty, express or implied, as to the ability of any index to accurately represent the asset class or market sector that it purports to represent and S&P Dow Jones Indices and its third party licensors shall have no liability for any errors, omissions, or interruptions of any index or the data included therein. Past performance of an index is not an indication or guarantee of future results. This document does not constitute an offer of any services. Except for certain custom index calculation services, all information provided by S&P Dow Jones Indices is general in nature and not tailored to the needs of any person, entity or group of persons. S&P Dow Jones Indices receives compensation in connection with licensing its indices to third parties and providing custom calculation services. It is not possible to invest directly in an index. Exposure to an asset class represented by an index may be available through investable instruments offered by third parties that are based on that index. S&P Dow Jones Indices does not sponsor, endorse, sell, promote or manage any investment fund or other investment product or vehicle that seeks to provide an investment return based on the performance of any Index. S&P Dow Jones Indices LLC is not an investment or tax advisor. S&P Dow Jones Indices makes no representation regarding the advisability of investing in any such investment fund or other investment product or vehicle. A tax advisor should be consulted to evaluate the impact of any tax-exempt securities on portfolios and the tax consequences of making any particular investment decision. Credit-related information and other analyses, including ratings, are generally provided by licensors and/or affiliates of S&P Dow Jones Indices. Any credit-related information and other related analyses and statements are opinions as of the date they are expressed and are not statements of fact. S&P Dow Jones Indices LLC is analytically separate and independent from any other analytical department. For more information on any of our indices please visit www.spdji.com.",,,,,,,,,
,,,,,,,,,
,,,,,,,,,
,,,,,,,,,
,,,,,,,,,
,,,,,,,,,
,,,,,,,,,
,,,,,,,,,
,,,,,,,,,
,,,,,,,,,
,,,,,,,,,
,,,,,,,,,
,,,,,,,,,
,,,,,,,,,
,,,,,,,,,
,,,,,,,,,
,,,,,,,,,
,,,,,,,,,
,,,,,,,,,
,,,,,,,,,
,,,,,,,,,
,,,,,,,,,
,,,,,,,,,
,,,,,,,,,
,,,,,,,,,
,,,,,,,,,
,,,,,,,,,
,,,,,,,,,
,,,,,,,,,
,,,,,,,,,
,,,,,,,,,
,,,,,,,,,
,,,,,,,,,
,,,,,,,,,
,,,,,,,,,
,,,,,,,,,
,,,,,,,,,
,,,,,,,,,
,,,,,,,,,
,,,,,,,,,
,,,,,,,,,
,,,,,,,,,
,,,,,,,,,
,,,,,,,,,
,,,,,,,,,
,,,,,,,,,
,,,,,,,,,
,,,,,,,,,
,,,,,,,,,
,,,,,,,,,
