DATE,SPUSBOND,,,,,,,,
4/30/08,327.02,,,,,,,,
5/1/08,326.97,,,,,,,,
5/2/08,325.75,,,,,,,,
5/5/08,325.91,,,,,,,,
5/6/08,325.44,,,,,,,,
5/7/08,325.93,,,,,,,,
5/8/08,326.95,,,,,,,,
5/9/08,327.5,,,,,,,,
5/12/08,327.36,,,,,,,,
5/13/08,325.42,,,,,,,,
5/14/08,324.9,,,,,,,,
5/15/08,326.11,,,,,,,,
5/16/08,326.04,,,,,,,,
5/19/08,326.39,,,,,,,,
5/20/08,327.4,,,,,,,,
5/21/08,326.66,,,,,,,,
5/22/08,325.17,,,,,,,,
5/23/08,326.44,,,,,,,,
5/27/08,325.26,,,,,,,,
5/28/08,324.1,,,,,,,,
5/29/08,323.24,,,,,,,,
5/30/08,323.66,,,,,,,,
6/2/08,324.97,,,,,,,,
6/3/08,326.14,,,,,,,,
6/4/08,325.54,,,,,,,,
6/5/08,324.55,,,,,,,,
6/6/08,325.77,,,,,,,,
6/9/08,324.54,,,,,,,,
6/10/08,322.87,,,,,,,,
6/11/08,323.38,,,,,,,,
6/12/08,321.55,,,,,,,,
6/13/08,320.91,,,,,,,,
6/16/08,321.24,,,,,,,,
6/17/08,321.68,,,,,,,,
6/18/08,322.77,,,,,,,,
6/19/08,322.01,,,,,,,,
6/20/08,323.08,,,,,,,,
6/23/08,322.69,,,,,,,,
6/24/08,323.67,,,,,,,,
6/25/08,323.7,,,,,,,,
6/26/08,325.15,,,,,,,,
6/27/08,325.73,,,,,,,,
6/30/08,326,,,,,,,,
7/1/08,325.82,,,,,,,,
7/2/08,326.53,,,,,,,,
7/3/08,326.55,,,,,,,,
7/7/08,327.41,,,,,,,,
7/8/08,327.96,,,,,,,,
7/9/08,328.52,,,,,,,,
7/10/08,328.8,,,,,,,,
7/11/08,326.75,,,,,,,,
7/14/08,327.91,,,,,,,,
7/15/08,328.46,,,,,,,,
7/16/08,327.41,,,,,,,,
7/17/08,325.99,,,,,,,,
7/18/08,325.44,,,,,,,,
7/21/08,325.61,,,,,,,,
7/22/08,325.13,,,,,,,,
7/23/08,324.43,,,,,,,,
7/24/08,326.38,,,,,,,,
7/25/08,325.17,,,,,,,,
7/28/08,326.59,,,,,,,,
7/29/08,326.3,,,,,,,,
7/30/08,326.2,,,,,,,,
7/31/08,327.23,,,,,,,,
8/1/08,327.69,,,,,,,,
8/4/08,327.48,,,,,,,,
8/5/08,327.14,,,,,,,,
8/6/08,326.6,,,,,,,,
8/7/08,328.42,,,,,,,,
8/8/08,328.15,,,,,,,,
8/11/08,327.5,,,,,,,,
8/12/08,328.75,,,,,,,,
8/13/08,328.43,,,,,,,,
8/14/08,329.08,,,,,,,,
8/15/08,329.66,,,,,,,,
8/18/08,330.32,,,,,,,,
8/19/08,330.1,,,,,,,,
8/20/08,330.78,,,,,,,,
8/21/08,330.25,,,,,,,,
8/22/08,329.7,,,,,,,,
8/25/08,330.99,,,,,,,,
8/26/08,330.92,,,,,,,,
8/27/08,331.24,,,,,,,,
8/28/08,330.95,,,,,,,,
8/29/08,330.64,,,,,,,,
9/2/08,331.92,,,,,,,,
9/3/08,332.55,,,,,,,,
9/4/08,333.24,,,,,,,,
9/5/08,332.94,,,,,,,,
9/8/08,332.88,,,,,,,,
9/9/08,333.95,,,,,,,,
9/10/08,333.41,,,,,,,,
9/11/08,333.86,,,,,,,,
9/12/08,332.45,,,,,,,,
9/15/08,336.66,,,,,,,,
9/16/08,336.36,,,,,,,,
9/17/08,338.04,,,,,,,,
9/18/08,337.71,,,,,,,,
9/19/08,332.11,,,,,,,,
9/22/08,331.68,,,,,,,,
9/23/08,331.56,,,,,,,,
9/24/08,332.92,,,,,,,,
9/25/08,331.51,,,,,,,,
9/26/08,332.33,,,,,,,,
9/29/08,335.96,,,,,,,,
9/30/08,332.68,,,,,,,,
10/1/08,333.93,,,,,,,,
10/2/08,335.92,,,,,,,,
10/3/08,336.02,,,,,,,,
10/6/08,339.48,,,,,,,,
10/7/08,338.23,,,,,,,,
10/8/08,335.46,,,,,,,,
10/9/08,333.55,,,,,,,,
10/10/08,334.19,,,,,,,,
10/14/08,331.81,,,,,,,,
10/15/08,332.27,,,,,,,,
10/16/08,332.82,,,,,,,,
10/17/08,332.34,,,,,,,,
10/20/08,332.71,,,,,,,,
10/21/08,334.97,,,,,,,,
10/22/08,335.88,,,,,,,,
10/23/08,337.29,,,,,,,,
10/24/08,335.43,,,,,,,,
10/27/08,335.01,,,,,,,,
10/28/08,334.2,,,,,,,,
10/29/08,333.57,,,,,,,,
10/30/08,333.01,,,,,,,,
10/31/08,332.6,,,,,,,,
11/3/08,333.84,,,,,,,,
11/4/08,335.51,,,,,,,,
11/5/08,336.5,,,,,,,,
11/6/08,336.55,,,,,,,,
11/7/08,335.76,,,,,,,,
11/10/08,336.59,,,,,,,,
11/12/08,338.1,,,,,,,,
11/13/08,337.02,,,,,,,,
11/14/08,338.16,,,,,,,,
11/17/08,338.9,,,,,,,,
11/18/08,340.57,,,,,,,,
11/19/08,342.46,,,,,,,,
11/20/08,345.79,,,,,,,,
11/21/08,345.18,,,,,,,,
11/24/08,343.02,,,,,,,,
11/25/08,345.68,,,,,,,,
11/26/08,346.85,,,,,,,,
11/28/08,347.61,,,,,,,,
12/1/08,351.3,,,,,,,,
12/2/08,351.64,,,,,,,,
12/3/08,352.12,,,,,,,,
12/4/08,353.66,,,,,,,,
12/5/08,352.18,,,,,,,,
12/8/08,351.48,,,,,,,,
12/9/08,352.65,,,,,,,,
12/10/08,352.43,,,,,,,,
12/11/08,353.38,,,,,,,,
12/12/08,353.99,,,,,,,,
12/15/08,354.67,,,,,,,,
12/16/08,357.15,,,,,,,,
12/17/08,359.08,,,,,,,,
12/18/08,360.79,,,,,,,,
12/19/08,360.04,,,,,,,,
12/22/08,359.61,,,,,,,,
12/23/08,359.43,,,,,,,,
12/24/08,358.96,,,,,,,,
12/26/08,359.73,,,,,,,,
12/29/08,360.22,,,,,,,,
12/30/08,360.5,,,,,,,,
12/31/08,358.2,,,,,,,,
1/2/09,355.56,,,,,,,,
1/5/09,354.45,,,,,,,,
1/6/09,354.17,,,,,,,,
1/7/09,354.43,,,,,,,,
1/8/09,355,,,,,,,,
1/9/09,355.48,,,,,,,,
1/12/09,356.91,,,,,,,,
1/13/09,356.82,,,,,,,,
1/14/09,358.28,,,,,,,,
1/15/09,358.36,,,,,,,,
1/16/09,357.15,,,,,,,,
1/20/09,356.67,,,,,,,,
1/21/09,353.75,,,,,,,,
1/22/09,352.71,,,,,,,,
1/23/09,352.01,,,,,,,,
1/26/09,351.62,,,,,,,,
1/27/09,353.42,,,,,,,,
1/28/09,351.3,,,,,,,,
1/29/09,349.32,,,,,,,,
1/30/09,348.94,,,,,,,,
2/2/09,350.97,,,,,,,,
2/3/09,349.09,,,,,,,,
2/4/09,348.35,,,,,,,,
2/5/09,348.77,,,,,,,,
2/6/09,347.81,,,,,,,,
2/9/09,347.38,,,,,,,,
2/10/09,350.13,,,,,,,,
2/11/09,350.94,,,,,,,,
2/12/09,351.56,,,,,,,,
2/13/09,348.9,,,,,,,,
2/17/09,352.01,,,,,,,,
2/18/09,350.82,,,,,,,,
2/19/09,348.88,,,,,,,,
2/20/09,350.22,,,,,,,,
2/23/09,350.28,,,,,,,,
2/24/09,350.04,,,,,,,,
2/25/09,348.05,,,,,,,,
2/26/09,347.69,,,,,,,,
2/27/09,347.27,,,,,,,,
3/2/09,349.24,,,,,,,,
3/3/09,348.76,,,,,,,,
3/4/09,347.84,,,,,,,,
3/5/09,350.59,,,,,,,,
3/6/09,350.36,,,,,,,,
3/9/09,349.44,,,,,,,,
3/10/09,348.01,,,,,,,,
3/11/09,348.86,,,,,,,,
3/12/09,349.44,,,,,,,,
3/13/09,349.62,,,,,,,,
3/16/09,348.75,,,,,,,,
3/17/09,347.98,,,,,,,,
3/18/09,354.1,,,,,,,,
3/19/09,353.53,,,,,,,,
3/20/09,353.28,,,,,,,,
3/23/09,352.85,,,,,,,,
3/24/09,353.16,,,,,,,,
3/25/09,351.61,,,,,,,,
3/26/09,352.57,,,,,,,,
3/27/09,352.43,,,,,,,,
3/30/09,353.2,,,,,,,,
3/31/09,353.92,,,,,,,,
4/1/09,354.53,,,,,,,,
4/2/09,353.11,,,,,,,,
4/3/09,350.71,,,,,,,,
4/6/09,350.32,,,,,,,,
4/7/09,350.84,,,,,,,,
4/8/09,351.62,,,,,,,,
4/9/09,350.43,,,,,,,,
4/13/09,351.86,,,,,,,,
4/14/09,352.65,,,,,,,,
4/15/09,352.96,,,,,,,,
4/16/09,351.91,,,,,,,,
4/17/09,350.35,,,,,,,,
4/20/09,351.84,,,,,,,,
4/21/09,350.95,,,,,,,,
4/22/09,349.99,,,,,,,,
4/23/09,350.55,,,,,,,,
4/24/09,349.6,,,,,,,,
4/27/09,350.78,,,,,,,,
4/28/09,349.51,,,,,,,,
4/29/09,348.55,,,,,,,,
4/30/09,348.38,,,,,,,,
5/1/09,347.91,,,,,,,,
5/4/09,348.17,,,,,,,,
5/5/09,348.17,,,,,,,,
5/6/09,348.17,,,,,,,,
5/7/09,346.41,,,,,,,,
5/8/09,346.47,,,,,,,,
5/11/09,348.17,,,,,,,,
5/12/09,348.39,,,,,,,,
5/13/09,349.34,,,,,,,,
5/14/09,349.45,,,,,,,,
5/15/09,349.21,,,,,,,,
5/18/09,347.92,,,,,,,,
5/19/09,347.63,,,,,,,,
5/20/09,348.48,,,,,,,,
5/21/09,346.6,,,,,,,,
5/22/09,345.44,,,,,,,,
5/26/09,344.81,,,,,,,,
5/27/09,342.64,,,,,,,,
5/28/09,342.82,,,,,,,,
5/29/09,345.24,,,,,,,,
6/1/09,342.28,,,,,,,,
6/2/09,343.05,,,,,,,,
6/3/09,344.1,,,,,,,,
6/4/09,342.17,,,,,,,,
6/5/09,339.29,,,,,,,,
6/8/09,338.89,,,,,,,,
6/9/09,339.55,,,,,,,,
6/10/09,338.54,,,,,,,,
6/11/09,339.52,,,,,,,,
6/12/09,340.42,,,,,,,,
6/15/09,341.53,,,,,,,,
6/16/09,342.09,,,,,,,,
6/17/09,342.59,,,,,,,,
6/18/09,340.15,,,,,,,,
6/19/09,340.88,,,,,,,,
6/22/09,342.45,,,,,,,,
6/23/09,343.12,,,,,,,,
6/24/09,342.54,,,,,,,,
6/25/09,344.36,,,,,,,,
6/26/09,344.95,,,,,,,,
6/29/09,345.06,,,,,,,,
6/30/09,344.77,,,,,,,,
7/1/09,344.8,,,,,,,,
7/2/09,345.73,,,,,,,,
7/6/09,345.9,,,,,,,,
7/7/09,346.45,,,,,,,,
7/8/09,348.65,,,,,,,,
7/9/09,346.88,,,,,,,,
7/10/09,348.43,,,,,,,,
7/13/09,347.9,,,,,,,,
7/14/09,346.58,,,,,,,,
7/15/09,344.43,,,,,,,,
7/16/09,345.1,,,,,,,,
7/17/09,343.99,,,,,,,,
7/20/09,345.11,,,,,,,,
7/21/09,346.57,,,,,,,,
7/22/09,345.46,,,,,,,,
7/23/09,343.3,,,,,,,,
7/24/09,343.86,,,,,,,,
7/27/09,343.36,,,,,,,,
7/28/09,343.5,,,,,,,,
7/29/09,343.57,,,,,,,,
7/30/09,343.96,,,,,,,,
7/31/09,345.98,,,,,,,,
8/3/09,344.21,,,,,,,,
8/4/09,343.76,,,,,,,,
8/5/09,342.74,,,,,,,,
8/6/09,343.18,,,,,,,,
8/7/09,341.65,,,,,,,,
8/10/09,343.03,,,,,,,,
8/11/09,343.98,,,,,,,,
8/12/09,343.88,,,,,,,,
8/13/09,345.42,,,,,,,,
8/14/09,346.01,,,,,,,,
8/17/09,347.1,,,,,,,,
8/18/09,346.59,,,,,,,,
8/19/09,347.49,,,,,,,,
8/20/09,347.87,,,,,,,,
8/21/09,345.97,,,,,,,,
8/24/09,347.08,,,,,,,,
8/25/09,347.71,,,,,,,,
8/26/09,348,,,,,,,,
8/27/09,347.72,,,,,,,,
8/28/09,348,,,,,,,,
8/31/09,348.84,,,,,,,,
9/1/09,349.36,,,,,,,,
9/2/09,350.52,,,,,,,,
9/3/09,350.08,,,,,,,,
9/4/09,348.55,,,,,,,,
9/8/09,348.35,,,,,,,,
9/9/09,348.25,,,,,,,,
9/10/09,350.22,,,,,,,,
9/11/09,350.19,,,,,,,,
9/14/09,349.46,,,,,,,,
9/15/09,348.83,,,,,,,,
9/16/09,348.42,,,,,,,,
9/17/09,349.53,,,,,,,,
9/18/09,348.44,,,,,,,,
9/21/09,348.39,,,,,,,,
9/22/09,348.9,,,,,,,,
9/23/09,349.52,,,,,,,,
9/24/09,350.01,,,,,,,,
9/25/09,350.56,,,,,,,,
9/28/09,351.14,,,,,,,,
9/29/09,351.26,,,,,,,,
9/30/09,351.26,,,,,,,,
10/1/09,352.96,,,,,,,,
10/2/09,352.56,,,,,,,,
10/5/09,352.55,,,,,,,,
10/6/09,352.18,,,,,,,,
10/7/09,353.33,,,,,,,,
10/8/09,352.13,,,,,,,,
10/9/09,350.16,,,,,,,,
10/13/09,351.51,,,,,,,,
10/14/09,350.01,,,,,,,,
10/15/09,349.35,,,,,,,,
10/16/09,350.05,,,,,,,,
10/19/09,350.4,,,,,,,,
10/20/09,351.34,,,,,,,,
10/21/09,350.2,,,,,,,,
10/22/09,350.15,,,,,,,,
10/23/09,349.3,,,,,,,,
10/26/09,348.31,,,,,,,,
10/27/09,349.83,,,,,,,,
10/28/09,350.64,,,,,,,,
10/29/09,349.35,,,,,,,,
10/30/09,351.11,,,,,,,,
11/2/09,350.84,,,,,,,,
11/3/09,350.16,,,,,,,,
11/4/09,349.31,,,,,,,,
11/5/09,349.75,,,,,,,,
11/6/09,350.25,,,,,,,,
11/9/09,350.42,,,,,,,,
11/10/09,350.41,,,,,,,,
11/12/09,351.02,,,,,,,,
11/13/09,351.26,,,,,,,,
11/16/09,352.77,,,,,,,,
11/17/09,352.96,,,,,,,,
11/18/09,352.42,,,,,,,,
11/19/09,352.85,,,,,,,,
11/20/09,352.73,,,,,,,,
11/23/09,352.77,,,,,,,,
11/24/09,353.6,,,,,,,,
11/25/09,354.12,,,,,,,,
11/27/09,355.15,,,,,,,,
11/30/09,355.52,,,,,,,,
12/1/09,354.67,,,,,,,,
12/2/09,354.04,,,,,,,,
12/3/09,353.29,,,,,,,,
12/4/09,351.58,,,,,,,,
12/7/09,352.33,,,,,,,,
12/8/09,353.22,,,,,,,,
12/9/09,352.86,,,,,,,,
12/10/09,351.98,,,,,,,,
12/11/09,351.25,,,,,,,,
12/14/09,351.13,,,,,,,,
12/15/09,350.3,,,,,,,,
12/16/09,350.5,,,,,,,,
12/17/09,352.26,,,,,,,,
12/18/09,351.41,,,,,,,,
12/21/09,349.68,,,,,,,,
12/22/09,348.92,,,,,,,,
12/23/09,348.72,,,,,,,,
12/24/09,347.76,,,,,,,,
12/28/09,347.28,,,,,,,,
12/29/09,347.7,,,,,,,,
12/30/09,348.13,,,,,,,,
12/31/09,347.23,,,,,,,,
1/4/10,347.72,,,,,,,,
1/5/10,348.63,,,,,,,,
1/6/10,347.92,,,,,,,,
1/7/10,347.81,,,,,,,,
1/8/10,348.25,,,,,,,,
1/11/10,348.21,,,,,,,,
1/12/10,349.7,,,,,,,,
1/13/10,348.75,,,,,,,,
1/14/10,349.68,,,,,,,,
1/15/10,350.51,,,,,,,,
1/19/10,350.23,,,,,,,,
1/20/10,350.81,,,,,,,,
1/21/10,351.53,,,,,,,,
1/22/10,351.76,,,,,,,,
1/25/10,351.41,,,,,,,,
1/26/10,351.59,,,,,,,,
1/27/10,351.17,,,,,,,,
1/28/10,351.27,,,,,,,,
1/29/10,352.06,,,,,,,,
2/1/10,351.39,,,,,,,,
2/2/10,351.67,,,,,,,,
2/3/10,350.9,,,,,,,,
2/4/10,352.48,,,,,,,,
2/5/10,353.01,,,,,,,,
2/8/10,352.93,,,,,,,,
2/9/10,352.01,,,,,,,,
2/10/10,351.24,,,,,,,,
2/11/10,351.07,,,,,,,,
2/12/10,351.65,,,,,,,,
2/16/10,351.98,,,,,,,,
2/17/10,350.93,,,,,,,,
2/18/10,350.33,,,,,,,,
2/19/10,350.31,,,,,,,,
2/22/10,350.29,,,,,,,,
2/23/10,351.66,,,,,,,,
2/24/10,351.76,,,,,,,,
2/25/10,352.48,,,,,,,,
2/26/10,352.88,,,,,,,,
3/1/10,353.05,,,,,,,,
3/2/10,353.15,,,,,,,,
3/3/10,353.01,,,,,,,,
3/4/10,353.1,,,,,,,,
3/5/10,352.13,,,,,,,,
3/8/10,351.85,,,,,,,,
3/9/10,352.17,,,,,,,,
3/10/10,351.78,,,,,,,,
3/11/10,351.56,,,,,,,,
3/12/10,351.82,,,,,,,,
3/15/10,351.8,,,,,,,,
3/16/10,352.6,,,,,,,,
3/17/10,352.72,,,,,,,,
3/18/10,352.21,,,,,,,,
3/19/10,351.93,,,,,,,,
3/22/10,352.34,,,,,,,,
3/23/10,352.11,,,,,,,,
3/24/10,350.19,,,,,,,,
3/25/10,349.72,,,,,,,,
3/26/10,350.2,,,,,,,,
3/29/10,350.03,,,,,,,,
3/30/10,350.18,,,,,,,,
3/31/10,350.75,,,,,,,,
4/1/10,350.4,,,,,,,,
4/2/10,349.46,,,,,,,,
4/5/10,349.49,,,,,,,,
4/6/10,349.92,,,,,,,,
4/7/10,351.09,,,,,,,,
4/8/10,351,,,,,,,,
4/9/10,351.11,,,,,,,,
4/12/10,351.64,,,,,,,,
4/13/10,351.9,,,,,,,,
4/14/10,351.47,,,,,,,,
4/15/10,351.85,,,,,,,,
4/16/10,352.96,,,,,,,,
4/19/10,352.49,,,,,,,,
4/20/10,352.48,,,,,,,,
4/21/10,353.04,,,,,,,,
4/22/10,352.62,,,,,,,,
4/23/10,352.08,,,,,,,,
4/26/10,352.32,,,,,,,,
4/27/10,354.13,,,,,,,,
4/28/10,353.13,,,,,,,,
4/29/10,353.53,,,,,,,,
4/30/10,354.64,,,,,,,,
5/3/10,354.13,,,,,,,,
5/4/10,355.43,,,,,,,,
5/5/10,356.24,,,,,,,,
5/6/10,359.51,,,,,,,,
5/7/10,357.9,,,,,,,,
5/10/10,356.37,,,,,,,,
5/11/10,356.6,,,,,,,,
5/12/10,356.04,,,,,,,,
5/13/10,356.61,,,,,,,,
5/14/10,358.02,,,,,,,,
5/17/10,357.64,,,,,,,,
5/18/10,359.01,,,,,,,,
5/19/10,359.02,,,,,,,,
5/20/10,360.8,,,,,,,,
5/21/10,360.72,,,,,,,,
5/24/10,360.6,,,,,,,,
5/25/10,361.04,,,,,,,,
5/26/10,360.54,,,,,,,,
5/27/10,358.67,,,,,,,,
5/28/10,359.44,,,,,,,,
6/1/10,360.22,,,,,,,,
6/2/10,359.19,,,,,,,,
6/3/10,358.81,,,,,,,,
6/4/10,361.37,,,,,,,,
6/7/10,362,,,,,,,,
6/8/10,361.43,,,,,,,,
6/9/10,361.5,,,,,,,,
6/10/10,359.78,,,,,,,,
6/11/10,361.03,,,,,,,,
6/14/10,360.76,,,,,,,,
6/15/10,360.22,,,,,,,,
6/16/10,360.77,,,,,,,,
6/17/10,361.58,,,,,,,,
6/18/10,361.34,,,,,,,,
6/21/10,361.17,,,,,,,,
6/22/10,362.31,,,,,,,,
6/23/10,363,,,,,,,,
6/24/10,362.84,,,,,,,,
6/25/10,363.27,,,,,,,,
6/28/10,364.35,,,,,,,,
6/29/10,365.18,,,,,,,,
6/30/10,365.35,,,,,,,,
7/1/10,365.24,,,,,,,,
7/2/10,364.9,,,,,,,,
7/6/10,365.58,,,,,,,,
7/7/10,365.09,,,,,,,,
7/8/10,364.58,,,,,,,,
7/9/10,364.13,,,,,,,,
7/12/10,364.22,,,,,,,,
7/13/10,363.46,,,,,,,,
7/14/10,364.55,,,,,,,,
7/15/10,365.45,,,,,,,,
7/16/10,366.36,,,,,,,,
7/19/10,365.89,,,,,,,,
7/20/10,366.15,,,,,,,,
7/21/10,367.31,,,,,,,,
7/22/10,366.54,,,,,,,,
7/23/10,365.73,,,,,,,,
7/26/10,365.59,,,,,,,,
7/27/10,364.77,,,,,,,,
7/28/10,365.69,,,,,,,,
7/29/10,366.16,,,,,,,,
7/30/10,367.44,,,,,,,,
8/2/10,366.66,,,,,,,,
8/3/10,367.66,,,,,,,,
8/4/10,366.82,,,,,,,,
8/5/10,367.53,,,,,,,,
8/6/10,368.63,,,,,,,,
8/9/10,368.34,,,,,,,,
8/10/10,369.23,,,,,,,,
8/11/10,370.06,,,,,,,,
8/12/10,369.5,,,,,,,,
8/13/10,370.28,,,,,,,,
8/16/10,371.77,,,,,,,,
8/17/10,371.12,,,,,,,,
8/18/10,371.08,,,,,,,,
8/19/10,372.04,,,,,,,,
8/20/10,371.46,,,,,,,,
8/23/10,371.78,,,,,,,,
8/24/10,373.1,,,,,,,,
8/25/10,372.45,,,,,,,,
8/26/10,373.08,,,,,,,,
8/27/10,370.92,,,,,,,,
8/30/10,372.7,,,,,,,,
8/31/10,373.33,,,,,,,,
9/1/10,372.04,,,,,,,,
9/2/10,371.41,,,,,,,,
9/3/10,370.43,,,,,,,,
9/7/10,371.95,,,,,,,,
9/8/10,371.21,,,,,,,,
9/9/10,369.66,,,,,,,,
9/10/10,369.22,,,,,,,,
9/13/10,370.09,,,,,,,,
9/14/10,371.15,,,,,,,,
9/15/10,370.49,,,,,,,,
9/16/10,370.01,,,,,,,,
9/17/10,370.33,,,,,,,,
9/20/10,370.88,,,,,,,,
9/21/10,372.46,,,,,,,,
9/22/10,372.78,,,,,,,,
9/23/10,373.02,,,,,,,,
9/24/10,372.12,,,,,,,,
9/27/10,373.48,,,,,,,,
9/28/10,374.11,,,,,,,,
9/29/10,373.76,,,,,,,,
9/30/10,373.71,,,,,,,,
10/1/10,373.71,,,,,,,,
10/4/10,374.23,,,,,,,,
10/5/10,374.28,,,,,,,,
10/6/10,375.19,,,,,,,,
10/7/10,375.28,,,,,,,,
10/8/10,375.4,,,,,,,,
10/12/10,374.78,,,,,,,,
10/13/10,374.86,,,,,,,,
10/14/10,373.78,,,,,,,,
10/15/10,373.19,,,,,,,,
10/18/10,374.09,,,,,,,,
10/19/10,374.5,,,,,,,,
10/20/10,374.61,,,,,,,,
10/21/10,373.77,,,,,,,,
10/22/10,373.85,,,,,,,,
10/25/10,373.82,,,,,,,,
10/26/10,372.51,,,,,,,,
10/27/10,371.64,,,,,,,,
10/28/10,372.68,,,,,,,,
10/29/10,373.56,,,,,,,,
11/1/10,373.47,,,,,,,,
11/2/10,374.03,,,,,,,,
11/3/10,374.11,,,,,,,,
11/4/10,375.26,,,,,,,,
11/5/10,374.18,,,,,,,,
11/8/10,374.05,,,,,,,,
11/9/10,372.23,,,,,,,,
11/10/10,372.76,,,,,,,,
11/12/10,371.16,,,,,,,,
11/15/10,368.99,,,,,,,,
11/16/10,370.34,,,,,,,,
11/17/10,370.05,,,,,,,,
11/18/10,369.78,,,,,,,,
11/19/10,369.97,,,,,,,,
11/22/10,370.97,,,,,,,,
11/23/10,371.47,,,,,,,,
11/24/10,369.49,,,,,,,,
11/26/10,370.23,,,,,,,,
11/29/10,370.72,,,,,,,,
11/30/10,371.26,,,,,,,,
12/1/10,368.87,,,,,,,,
12/2/10,368.46,,,,,,,,
12/3/10,368.72,,,,,,,,
12/6/10,370.03,,,,,,,,
12/7/10,367.28,,,,,,,,
12/8/10,365.75,,,,,,,,
12/9/10,365.66,,,,,,,,
12/10/10,364.67,,,,,,,,
12/13/10,365.39,,,,,,,,
12/14/10,363.71,,,,,,,,
12/15/10,362.94,,,,,,,,
12/16/10,363.65,,,,,,,,
12/17/10,365.2,,,,,,,,
12/20/10,365.25,,,,,,,,
12/21/10,365.43,,,,,,,,
12/22/10,364.92,,,,,,,,
12/23/10,364.45,,,,,,,,
12/27/10,364.89,,,,,,,,
12/28/10,363.11,,,,,,,,
12/29/10,365.16,,,,,,,,
12/30/10,364.89,,,,,,,,
12/31/10,365.92,,,,,,,,
1/3/11,365.45,,,,,,,,
1/4/11,365.6,,,,,,,,
1/5/11,363.69,,,,,,,,
1/6/11,364.36,,,,,,,,
1/7/11,365.63,,,,,,,,
1/10/11,366.27,,,,,,,,
1/11/11,365.67,,,,,,,,
1/12/11,365.27,,,,,,,,
1/13/11,366.3,,,,,,,,
1/14/11,365.95,,,,,,,,
1/18/11,365.54,,,,,,,,
1/19/11,365.95,,,,,,,,
1/20/11,364.59,,,,,,,,
1/21/11,365.13,,,,,,,,
1/24/11,365.14,,,,,,,,
1/25/11,366.13,,,,,,,,
1/26/11,365.11,,,,,,,,
1/27/11,365.66,,,,,,,,
1/28/11,366.62,,,,,,,,
1/31/11,365.96,,,,,,,,
2/1/11,365.12,,,,,,,,
2/2/11,364.53,,,,,,,,
2/3/11,363.57,,,,,,,,
2/4/11,362.42,,,,,,,,
2/7/11,362.33,,,,,,,,
2/8/11,361.15,,,,,,,,
2/9/11,361.98,,,,,,,,
2/10/11,361.25,,,,,,,,
2/11/11,362.08,,,,,,,,
2/14/11,362.11,,,,,,,,
2/15/11,362.49,,,,,,,,
2/16/11,362.29,,,,,,,,
2/17/11,362.98,,,,,,,,
2/18/11,363.04,,,,,,,,
2/22/11,364.74,,,,,,,,
2/23/11,364.51,,,,,,,,
2/24/11,364.84,,,,,,,,
2/25/11,365.4,,,,,,,,
2/28/11,365.66,,,,,,,,
3/1/11,365.98,,,,,,,,
3/2/11,364.95,,,,,,,,
3/3/11,363.52,,,,,,,,
3/4/11,364.91,,,,,,,,
3/7/11,364.56,,,,,,,,
3/8/11,364.14,,,,,,,,
3/9/11,365.05,,,,,,,,
3/10/11,366.57,,,,,,,,
3/11/11,366.36,,,,,,,,
3/14/11,366.84,,,,,,,,
3/15/11,367.46,,,,,,,,
3/16/11,368.98,,,,,,,,
3/17/11,368.28,,,,,,,,
3/18/11,368.1,,,,,,,,
3/21/11,367.22,,,,,,,,
3/22/11,367.19,,,,,,,,
3/23/11,367.03,,,,,,,,
3/24/11,366.14,,,,,,,,
3/25/11,365.66,,,,,,,,
3/28/11,365.56,,,,,,,,
3/29/11,364.96,,,,,,,,
3/30/11,365.62,,,,,,,,
3/31/11,365.2,,,,,,,,
4/1/11,365.52,,,,,,,,
4/4/11,366.01,,,,,,,,
4/5/11,365.16,,,,,,,,
4/6/11,364.27,,,,,,,,
4/7/11,364.56,,,,,,,,
4/8/11,364.12,,,,,,,,
4/11/11,364.19,,,,,,,,
4/12/11,365.43,,,,,,,,
4/13/11,365.99,,,,,,,,
4/14/11,365.56,,,,,,,,
4/15/11,366.88,,,,,,,,
4/18/11,367.44,,,,,,,,
4/19/11,367.66,,,,,,,,
4/20/11,367.06,,,,,,,,
4/21/11,366.91,,,,,,,,
4/25/11,367.66,,,,,,,,
4/26/11,368.47,,,,,,,,
4/27/11,368.05,,,,,,,,
4/28/11,368.79,,,,,,,,
4/29/11,369.19,,,,,,,,
5/2/11,369.28,,,,,,,,
5/3/11,369.64,,,,,,,,
5/4/11,370.02,,,,,,,,
5/5/11,370.83,,,,,,,,
5/6/11,370.9,,,,,,,,
5/9/11,371.14,,,,,,,,
5/10/11,370.3,,,,,,,,
5/11/11,370.96,,,,,,,,
5/12/11,370.6,,,,,,,,
5/13/11,371.23,,,,,,,,
5/16/11,371.74,,,,,,,,
5/17/11,372.3,,,,,,,,
5/18/11,371.27,,,,,,,,
5/19/11,371.51,,,,,,,,
5/20/11,371.82,,,,,,,,
5/23/11,372.08,,,,,,,,
5/24/11,372.31,,,,,,,,
5/25/11,372.27,,,,,,,,
5/26/11,373.3,,,,,,,,
5/27/11,373.33,,,,,,,,
5/31/11,373.64,,,,,,,,
6/1/11,375.06,,,,,,,,
6/2/11,373.83,,,,,,,,
6/3/11,374.52,,,,,,,,
6/6/11,374.36,,,,,,,,
6/7/11,374.82,,,,,,,,
6/8/11,375.4,,,,,,,,
6/9/11,374.68,,,,,,,,
6/10/11,375.18,,,,,,,,
6/13/11,374.89,,,,,,,,
6/14/11,373.43,,,,,,,,
6/15/11,375.26,,,,,,,,
6/16/11,375.7,,,,,,,,
6/17/11,375.57,,,,,,,,
6/20/11,375.48,,,,,,,,
6/21/11,375.19,,,,,,,,
6/22/11,375.24,,,,,,,,
6/23/11,376.16,,,,,,,,
6/24/11,376.7,,,,,,,,
6/27/11,375.76,,,,,,,,
6/28/11,374.19,,,,,,,,
6/29/11,373.37,,,,,,,,
6/30/11,372.79,,,,,,,,
7/1/11,372.38,,,,,,,,
7/5/11,373.52,,,,,,,,
7/6/11,373.91,,,,,,,,
7/7/11,373.12,,,,,,,,
7/8/11,375.06,,,,,,,,
7/11/11,376.4,,,,,,,,
7/12/11,376.78,,,,,,,,
7/13/11,377,,,,,,,,
7/14/11,375.99,,,,,,,,
7/15/11,376.6,,,,,,,,
7/18/11,376.31,,,,,,,,
7/19/11,377.14,,,,,,,,
7/20/11,376.32,,,,,,,,
7/21/11,375.45,,,,,,,,
7/22/11,376.01,,,,,,,,
7/25/11,375.4,,,,,,,,
7/26/11,376.07,,,,,,,,
7/27/11,375.75,,,,,,,,
7/28/11,376.13,,,,,,,,
7/29/11,378.34,,,,,,,,
8/1/11,378.93,,,,,,,,
8/2/11,380.9,,,,,,,,
8/3/11,380.87,,,,,,,,
8/4/11,383.43,,,,,,,,
8/5/11,381.32,,,,,,,,
8/8/11,383.76,,,,,,,,
8/9/11,384.91,,,,,,,,
8/10/11,387,,,,,,,,
8/11/11,384.08,,,,,,,,
8/12/11,385.37,,,,,,,,
8/15/11,384.7,,,,,,,,
8/16/11,385.74,,,,,,,,
8/17/11,386.8,,,,,,,,
8/18/11,387.81,,,,,,,,
8/19/11,388.12,,,,,,,,
8/22/11,387.84,,,,,,,,
8/23/11,387.02,,,,,,,,
8/24/11,385.05,,,,,,,,
8/25/11,386.04,,,,,,,,
8/26/11,386.82,,,,,,,,
8/29/11,385.8,,,,,,,,
8/30/11,386.98,,,,,,,,
8/31/11,386.23,,,,,,,,
9/1/11,387.57,,,,,,,,
9/2/11,389.19,,,,,,,,
9/6/11,389.6,,,,,,,,
9/7/11,388.58,,,,,,,,
9/8/11,389.34,,,,,,,,
9/9/11,390.3,,,,,,,,
9/12/11,389.77,,,,,,,,
9/13/11,389.16,,,,,,,,
9/14/11,389.34,,,,,,,,
9/15/11,388.25,,,,,,,,
9/16/11,388.69,,,,,,,,
9/19/11,390.21,,,,,,,,
9/20/11,390.44,,,,,,,,
9/21/11,391.54,,,,,,,,
9/22/11,393.66,,,,,,,,
9/23/11,392.24,,,,,,,,
9/26/11,391.11,,,,,,,,
9/27/11,389.97,,,,,,,,
9/28/11,389.94,,,,,,,,
9/29/11,390,,,,,,,,
9/30/11,391.49,,,,,,,,
10/3/11,393.41,,,,,,,,
10/4/11,392.48,,,,,,,,
10/5/11,391.8,,,,,,,,
10/6/11,390.4,,,,,,,,
10/7/11,389.5,,,,,,,,
10/11/11,388.16,,,,,,,,
10/12/11,387.48,,,,,,,,
10/13/11,388.25,,,,,,,,
10/14/11,387.44,,,,,,,,
10/17/11,388.6,,,,,,,,
10/18/11,388.48,,,,,,,,
10/19/11,388.63,,,,,,,,
10/20/11,388.19,,,,,,,,
10/21/11,387.73,,,,,,,,
10/24/11,387.55,,,,,,,,
10/25/11,389.48,,,,,,,,
10/26/11,388.08,,,,,,,,
10/27/11,385.66,,,,,,,,
10/28/11,386.63,,,,,,,,
10/31/11,389.49,,,,,,,,
11/1/11,391.93,,,,,,,,
11/2/11,391.37,,,,,,,,
11/3/11,390.45,,,,,,,,
11/4/11,390.8,,,,,,,,
11/7/11,391.12,,,,,,,,
11/8/11,390.21,,,,,,,,
11/9/11,391.67,,,,,,,,
11/10/11,390.76,,,,,,,,
11/14/11,391.19,,,,,,,,
11/15/11,391.01,,,,,,,,
11/16/11,391.61,,,,,,,,
11/17/11,392.11,,,,,,,,
11/18/11,391.57,,,,,,,,
11/21/11,392.04,,,,,,,,
11/22/11,392.75,,,,,,,,
11/23/11,393.46,,,,,,,,
11/25/11,392.42,,,,,,,,
11/28/11,392.38,,,,,,,,
11/29/11,391.95,,,,,,,,
11/30/11,390.9,,,,,,,,
12/1/11,390.72,,,,,,,,
12/2/11,391.7,,,,,,,,
12/5/11,391.56,,,,,,,,
12/6/11,391.04,,,,,,,,
12/7/11,391.65,,,,,,,,
12/8/11,392.61,,,,,,,,
12/9/11,391.38,,,,,,,,
12/12/11,392,,,,,,,,
12/13/11,392.61,,,,,,,,
12/14/11,393.51,,,,,,,,
12/15/11,393.38,,,,,,,,
12/16/11,394.24,,,,,,,,
12/19/11,394.91,,,,,,,,
12/20/11,393.28,,,,,,,,
12/21/11,392.48,,,,,,,,
12/22/11,392.73,,,,,,,,
12/23/11,391.48,,,,,,,,
12/27/11,391.75,,,,,,,,
12/28/11,393.23,,,,,,,,
12/29/11,393.39,,,,,,,,
12/30/11,393.63,,,,,,,,
1/3/12,392.55,,,,,,,,
1/4/12,391.99,,,,,,,,
1/5/12,391.96,,,,,,,,
1/6/12,392.57,,,,,,,,
1/9/12,392.64,,,,,,,,
1/10/12,392.47,,,,,,,,
1/11/12,393.42,,,,,,,,
1/12/12,393.22,,,,,,,,
1/13/12,394.02,,,,,,,,
1/17/12,394.31,,,,,,,,
1/18/12,393.62,,,,,,,,
1/19/12,392.55,,,,,,,,
1/20/12,391.83,,,,,,,,
1/23/12,391.38,,,,,,,,
1/24/12,391.53,,,,,,,,
1/25/12,392.3,,,,,,,,
1/26/12,393.24,,,,,,,,
1/27/12,393.65,,,,,,,,
1/30/12,394.31,,,,,,,,
1/31/12,395.06,,,,,,,,
2/1/12,394.42,,,,,,,,
2/2/12,394.5,,,,,,,,
2/3/12,393.05,,,,,,,,
2/6/12,393.63,,,,,,,,
2/7/12,392.59,,,,,,,,
2/8/12,392.51,,,,,,,,
2/9/12,391.96,,,,,,,,
2/10/12,392.87,,,,,,,,
2/13/12,392.77,,,,,,,,
2/14/12,393.13,,,,,,,,
2/15/12,393.23,,,,,,,,
2/16/12,392.38,,,,,,,,
2/17/12,392.29,,,,,,,,
2/21/12,391.53,,,,,,,,
2/22/12,392.38,,,,,,,,
2/23/12,392.47,,,,,,,,
2/24/12,392.63,,,,,,,,
2/27/12,393.41,,,,,,,,
2/28/12,393.35,,,,,,,,
2/29/12,392.78,,,,,,,,
3/1/12,392.15,,,,,,,,
3/2/12,392.95,,,,,,,,
3/5/12,392.49,,,,,,,,
3/6/12,393.28,,,,,,,,
3/7/12,392.88,,,,,,,,
3/8/12,392.21,,,,,,,,
3/9/12,392.15,,,,,,,,
3/12/12,392.02,,,,,,,,
3/13/12,390.68,,,,,,,,
3/14/12,388.63,,,,,,,,
3/15/12,388.7,,,,,,,,
3/16/12,388.63,,,,,,,,
3/19/12,387.74,,,,,,,,
3/20/12,387.65,,,,,,,,
3/21/12,388.66,,,,,,,,
3/22/12,388.92,,,,,,,,
3/23/12,389.58,,,,,,,,
3/26/12,389.49,,,,,,,,
3/27/12,390.31,,,,,,,,
3/28/12,390.09,,,,,,,,
3/29/12,390.72,,,,,,,,
3/30/12,389.83,,,,,,,,
4/2/12,390.3,,,,,,,,
4/3/12,388.87,,,,,,,,
4/4/12,389.84,,,,,,,,
4/5/12,390.48,,,,,,,,
4/6/12,392.18,,,,,,,,
4/9/12,392.34,,,,,,,,
4/10/12,393.31,,,,,,,,
4/11/12,392.6,,,,,,,,
4/12/12,392.31,,,,,,,,
4/13/12,393.36,,,,,,,,
4/16/12,393.35,,,,,,,,
4/17/12,393.2,,,,,,,,
4/18/12,393.45,,,,,,,,
4/19/12,393.62,,,,,,,,
4/20/12,393.63,,,,,,,,
4/23/12,394.12,,,,,,,,
4/24/12,393.67,,,,,,,,
4/25/12,393.47,,,,,,,,
4/26/12,393.97,,,,,,,,
4/27/12,394.11,,,,,,,,
4/30/12,394.19,,,,,,,,
5/1/12,393.85,,,,,,,,
5/2/12,394.22,,,,,,,,
5/3/12,394.23,,,,,,,,
5/4/12,394.88,,,,,,,,
5/7/12,394.89,,,,,,,,
5/8/12,395.25,,,,,,,,
5/9/12,395.35,,,,,,,,
5/10/12,395.13,,,,,,,,
5/11/12,395.67,,,,,,,,
5/14/12,396.47,,,,,,,,
5/15/12,396.55,,,,,,,,
5/16/12,396.6,,,,,,,,
5/17/12,397.35,,,,,,,,
5/18/12,397.31,,,,,,,,
5/21/12,397.14,,,,,,,,
5/22/12,396.59,,,,,,,,
5/23/12,397.03,,,,,,,,
5/24/12,396.68,,,,,,,,
5/25/12,396.94,,,,,,,,
5/29/12,396.88,,,,,,,,
5/30/12,398.65,,,,,,,,
5/31/12,399.38,,,,,,,,
6/1/12,400.85,,,,,,,,
6/4/12,400.01,,,,,,,,
6/5/12,399.39,,,,,,,,
6/6/12,398.11,,,,,,,,
6/7/12,398.34,,,,,,,,
6/8/12,398.39,,,,,,,,
6/11/12,398.8,,,,,,,,
6/12/12,397.89,,,,,,,,
6/13/12,398.58,,,,,,,,
6/14/12,398.34,,,,,,,,
6/15/12,399.09,,,,,,,,
6/18/12,399.19,,,,,,,,
6/19/12,398.51,,,,,,,,
6/20/12,398.29,,,,,,,,
6/21/12,398.66,,,,,,,,
6/22/12,397.91,,,,,,,,
6/25/12,398.85,,,,,,,,
6/26/12,398.53,,,,,,,,
6/27/12,398.68,,,,,,,,
6/28/12,399.09,,,,,,,,
6/29/12,398.35,,,,,,,,
7/2/12,399.21,,,,,,,,
7/3/12,399.24,,,,,,,,
7/5/12,399.14,,,,,,,,
7/6/12,399.81,,,,,,,,
7/9/12,400.34,,,,,,,,
7/10/12,400.45,,,,,,,,
7/11/12,400.39,,,,,,,,
7/12/12,400.82,,,,,,,,
7/13/12,400.79,,,,,,,,
7/16/12,401.2,,,,,,,,
7/17/12,400.72,,,,,,,,
7/18/12,400.93,,,,,,,,
7/19/12,400.78,,,,,,,,
7/20/12,401.55,,,,,,,,
7/23/12,401.88,,,,,,,,
7/24/12,402.27,,,,,,,,
7/25/12,402.39,,,,,,,,
7/26/12,401.82,,,,,,,,
7/27/12,400.51,,,,,,,,
7/30/12,401.12,,,,,,,,
7/31/12,401.37,,,,,,,,
8/1/12,400.86,,,,,,,,
8/2/12,401.31,,,,,,,,
8/3/12,400.17,,,,,,,,
8/6/12,400.33,,,,,,,,
8/7/12,399.32,,,,,,,,
8/8/12,398.97,,,,,,,,
8/9/12,398.87,,,,,,,,
8/10/12,399.33,,,,,,,,
8/13/12,399.28,,,,,,,,
8/14/12,398.34,,,,,,,,
8/15/12,397.39,,,,,,,,
8/16/12,396.87,,,,,,,,
8/17/12,397.22,,,,,,,,
8/20/12,397.35,,,,,,,,
8/21/12,397.53,,,,,,,,
8/22/12,398.97,,,,,,,,
8/23/12,399.27,,,,,,,,
8/24/12,399.13,,,,,,,,
8/27/12,399.57,,,,,,,,
8/28/12,399.74,,,,,,,,
8/29/12,399.53,,,,,,,,
8/30/12,400.02,,,,,,,,
8/31/12,401.11,,,,,,,,
9/4/12,400.94,,,,,,,,
9/5/12,400.72,,,,,,,,
9/6/12,399.54,,,,,,,,
9/7/12,399.62,,,,,,,,
9/10/12,399.71,,,,,,,,
9/11/12,399.33,,,,,,,,
9/12/12,398.61,,,,,,,,
9/13/12,398.83,,,,,,,,
9/14/12,397.17,,,,,,,,
9/17/12,397.62,,,,,,,,
9/18/12,398,,,,,,,,
9/19/12,398.29,,,,,,,,
9/20/12,398.4,,,,,,,,
9/21/12,398.67,,,,,,,,
9/24/12,399.09,,,,,,,,
9/25/12,399.6,,,,,,,,
9/26/12,400.31,,,,,,,,
9/27/12,400.03,,,,,,,,
9/28/12,400.3,,,,,,,,
10/1/12,400.34,,,,,,,,
10/2/12,400.34,,,,,,,,
10/3/12,400.44,,,,,,,,
10/4/12,399.74,,,,,,,,
10/5/12,398.91,,,,,,,,
10/9/12,399.18,,,,,,,,
10/10/12,399.5,,,,,,,,
10/11/12,399.73,,,,,,,,
10/12/12,399.86,,,,,,,,
10/15/12,399.79,,,,,,,,
10/16/12,398.99,,,,,,,,
10/17/12,397.94,,,,,,,,
10/18/12,397.63,,,,,,,,
10/19/12,398.36,,,,,,,,
10/22/12,397.84,,,,,,,,
10/23/12,398.67,,,,,,,,
10/24/12,398.32,,,,,,,,
10/25/12,397.63,,,,,,,,
10/26/12,398.83,,,,,,,,
10/29/12,399.04,,,,,,,,
10/31/12,399.32,,,,,,,,
11/1/12,399.06,,,,,,,,
11/2/12,399.11,,,,,,,,
11/5/12,399.53,,,,,,,,
11/6/12,398.71,,,,,,,,
11/7/12,400.13,,,,,,,,
11/8/12,401.08,,,,,,,,
11/9/12,401,,,,,,,,
11/13/12,401.36,,,,,,,,
11/14/12,401.41,,,,,,,,
11/15/12,401.38,,,,,,,,
11/16/12,401.44,,,,,,,,
11/19/12,401.06,,,,,,,,
11/20/12,400.34,,,,,,,,
11/21/12,400.17,,,,,,,,
11/23/12,400.11,,,,,,,,
11/26/12,400.4,,,,,,,,
11/27/12,400.76,,,,,,,,
11/28/12,400.88,,,,,,,,
11/29/12,401.01,,,,,,,,
11/30/12,401.03,,,,,,,,
12/3/12,401,,,,,,,,
12/4/12,401.29,,,,,,,,
12/5/12,401.42,,,,,,,,
12/6/12,401.53,,,,,,,,
12/7/12,401.02,,,,,,,,
12/10/12,401.24,,,,,,,,
12/11/12,400.82,,,,,,,,
12/12/12,400.19,,,,,,,,
12/13/12,399.93,,,,,,,,
12/14/12,400.33,,,,,,,,
12/17/12,399.41,,,,,,,,
12/18/12,398.69,,,,,,,,
12/19/12,398.95,,,,,,,,
12/20/12,398.99,,,,,,,,
12/21/12,399.52,,,,,,,,
12/24/12,399.36,,,,,,,,
12/26/12,399.54,,,,,,,,
12/27/12,399.98,,,,,,,,
12/28/12,400.28,,,,,,,,
12/31/12,399.79,,,,,,,,
1/2/13,398.81,,,,,,,,
1/3/13,397.94,,,,,,,,
1/4/13,398.06,,,,,,,,
1/7/13,398.12,,,,,,,,
1/8/13,398.59,,,,,,,,
1/9/13,398.7,,,,,,,,
1/10/13,398.38,,,,,,,,
1/11/13,398.87,,,,,,,,
1/14/13,398.8,,,,,,,,
1/15/13,399.14,,,,,,,,
1/16/13,399.32,,,,,,,,
1/17/13,398.55,,,,,,,,
1/18/13,399.02,,,,,,,,
1/22/13,399.22,,,,,,,,
1/23/13,399.25,,,,,,,,
1/24/13,398.98,,,,,,,,
1/25/13,397.87,,,,,,,,
1/28/13,397.55,,,,,,,,
1/29/13,397.32,,,,,,,,
1/30/13,397.4,,,,,,,,
1/31/13,397.59,,,,,,,,
2/1/13,397.02,,,,,,,,
2/4/13,397.92,,,,,,,,
2/5/13,397.39,,,,,,,,
2/6/13,397.89,,,,,,,,
2/7/13,397.91,,,,,,,,
2/8/13,398.04,,,,,,,,
2/11/13,397.91,,,,,,,,
2/12/13,397.67,,,,,,,,
2/13/13,397.1,,,,,,,,
2/14/13,397.77,,,,,,,,
2/15/13,397.62,,,,,,,,
2/19/13,397.35,,,,,,,,
2/20/13,397.62,,,,,,,,
2/21/13,398.02,,,,,,,,
2/22/13,398.14,,,,,,,,
2/25/13,399.45,,,,,,,,
2/26/13,399.2,,,,,,,,
2/27/13,399.11,,,,,,,,
2/28/13,399.28,,,,,,,,
3/1/13,399.65,,,,,,,,
3/4/13,399.37,,,,,,,,
3/5/13,399.14,,,,,,,,
3/6/13,398.58,,,,,,,,
3/7/13,397.98,,,,,,,,
3/8/13,397.29,,,,,,,,
3/11/13,397.3,,,,,,,,
3/12/13,397.73,,,,,,,,
3/13/13,397.64,,,,,,,,
3/14/13,397.59,,,,,,,,
3/15/13,398.12,,,,,,,,
3/18/13,398.64,,,,,,,,
3/19/13,399.09,,,,,,,,
3/20/13,398.5,,,,,,,,
3/21/13,398.89,,,,,,,,
3/22/13,398.95,,,,,,,,
3/25/13,399.02,,,,,,,,
3/26/13,399.14,,,,,,,,
3/27/13,399.8,,,,,,,,
3/28/13,399.68,,,,,,,,
4/1/13,399.92,,,,,,,,
4/2/13,399.68,,,,,,,,
4/3/13,400.34,,,,,,,,
4/4/13,400.99,,,,,,,,
4/5/13,401.73,,,,,,,,
4/8/13,401.28,,,,,,,,
4/9/13,401.26,,,,,,,,
4/10/13,400.52,,,,,,,,
4/11/13,400.68,,,,,,,,
4/12/13,401.52,,,,,,,,
4/15/13,401.93,,,,,,,,
4/16/13,401.46,,,,,,,,
4/17/13,401.78,,,,,,,,
4/18/13,401.86,,,,,,,,
4/19/13,401.73,,,,,,,,
4/22/13,401.85,,,,,,,,
4/23/13,401.71,,,,,,,,
4/24/13,401.85,,,,,,,,
4/25/13,401.69,,,,,,,,
4/26/13,402.28,,,,,,,,
4/29/13,402.22,,,,,,,,
4/30/13,402.21,,,,,,,,
5/1/13,402.78,,,,,,,,
5/2/13,402.79,,,,,,,,
5/3/13,401.34,,,,,,,,
5/6/13,401.15,,,,,,,,
5/7/13,400.93,,,,,,,,
5/8/13,401.01,,,,,,,,
5/9/13,400.96,,,,,,,,
5/10/13,400.09,,,,,,,,
5/13/13,399.72,,,,,,,,
5/14/13,399.15,,,,,,,,
5/15/13,399.51,,,,,,,,
5/16/13,400.28,,,,,,,,
5/17/13,399.47,,,,,,,,
5/20/13,399.38,,,,,,,,
5/21/13,399.79,,,,,,,,
5/22/13,398.66,,,,,,,,
5/23/13,398.84,,,,,,,,
5/24/13,398.92,,,,,,,,
5/28/13,397.03,,,,,,,,
5/29/13,397.57,,,,,,,,
5/30/13,397.54,,,,,,,,
5/31/13,397.21,,,,,,,,
6/3/13,397.49,,,,,,,,
6/4/13,397.04,,,,,,,,
6/5/13,397.77,,,,,,,,
6/6/13,397.84,,,,,,,,
6/7/13,396.62,,,,,,,,
6/10/13,396.22,,,,,,,,
6/11/13,396.62,,,,,,,,
6/12/13,395.88,,,,,,,,
6/13/13,397.05,,,,,,,,
6/14/13,397.36,,,,,,,,
6/17/13,397.06,,,,,,,,
6/18/13,397.01,,,,,,,,
6/19/13,395.1,,,,,,,,
6/20/13,394.25,,,,,,,,
6/21/13,392.66,,,,,,,,
6/24/13,392.33,,,,,,,,
6/25/13,392.07,,,,,,,,
6/26/13,392.72,,,,,,,,
6/27/13,393.59,,,,,,,,
6/28/13,393.62,,,,,,,,
7/1/13,393.82,,,,,,,,
7/2/13,393.85,,,,,,,,
7/3/13,393.51,,,,,,,,
7/5/13,391.16,,,,,,,,
7/8/13,392.02,,,,,,,,
7/9/13,392.19,,,,,,,,
7/10/13,391.71,,,,,,,,
7/11/13,393.16,,,,,,,,
7/12/13,392.97,,,,,,,,
7/15/13,393.41,,,,,,,,
7/16/13,393.61,,,,,,,,
7/17/13,394.16,,,,,,,,
7/18/13,393.52,,,,,,,,
7/19/13,394.37,,,,,,,,
7/22/13,394.42,,,,,,,,
7/23/13,394.18,,,,,,,,
7/24/13,393.27,,,,,,,,
7/25/13,393.51,,,,,,,,
7/26/13,393.77,,,,,,,,
7/29/13,393.5,,,,,,,,
7/30/13,393.41,,,,,,,,
7/31/13,393.58,,,,,,,,
8/1/13,392.18,,,,,,,,
8/2/13,393.51,,,,,,,,
8/5/13,393.08,,,,,,,,
8/6/13,393.12,,,,,,,,
8/7/13,393.57,,,,,,,,
8/8/13,393.75,,,,,,,,
8/9/13,393.85,,,,,,,,
8/12/13,393.52,,,,,,,,
8/13/13,392.3,,,,,,,,
8/14/13,392.37,,,,,,,,
8/15/13,391.58,,,,,,,,
8/16/13,391.13,,,,,,,,
8/19/13,390.56,,,,,,,,
8/20/13,391.26,,,,,,,,
8/21/13,390.29,,,,,,,,
8/22/13,390.16,,,,,,,,
8/23/13,390.96,,,,,,,,
8/26/13,391.41,,,,,,,,
8/27/13,392.25,,,,,,,,
8/28/13,391.59,,,,,,,,
8/29/13,391.89,,,,,,,,
8/30/13,391.74,,,,,,,,
9/3/13,390.83,,,,,,,,
9/4/13,390.23,,,,,,,,
9/5/13,388.93,,,,,,,,
9/6/13,389.86,,,,,,,,
9/9/13,390.25,,,,,,,,
9/10/13,389.6,,,,,,,,
9/11/13,390.37,,,,,,,,
9/12/13,390.41,,,,,,,,
9/13/13,390.62,,,,,,,,
9/16/13,391.63,,,,,,,,
9/17/13,391.41,,,,,,,,
9/18/13,393.12,,,,,,,,
9/19/13,392.67,,,,,,,,
9/20/13,392.86,,,,,,,,
9/23/13,393.29,,,,,,,,
9/24/13,393.85,,,,,,,,
9/25/13,394.21,,,,,,,,
9/26/13,393.87,,,,,,,,
9/27/13,394.19,,,,,,,,
9/30/13,394.34,,,,,,,,
10/1/13,393.98,,,,,,,,
10/2/13,394.32,,,,,,,,
10/3/13,394.41,,,,,,,,
10/4/13,394.02,,,,,,,,
10/7/13,394.16,,,,,,,,
10/8/13,393.91,,,,,,,,
10/9/13,393.69,,,,,,,,
10/10/13,393.63,,,,,,,,
10/11/13,393.78,,,,,,,,
10/15/13,393.37,,,,,,,,
10/16/13,394.16,,,,,,,,
10/17/13,394.96,,,,,,,,
10/18/13,395.03,,,,,,,,
10/21/13,394.85,,,,,,,,
10/22/13,395.78,,,,,,,,
10/23/13,395.97,,,,,,,,
10/24/13,395.73,,,,,,,,
10/25/13,395.99,,,,,,,,
10/28/13,395.87,,,,,,,,
10/29/13,396.05,,,,,,,,
10/30/13,395.73,,,,,,,,
10/31/13,395.68,,,,,,,,
11/1/13,394.95,,,,,,,,
11/4/13,395.18,,,,,,,,
11/5/13,394.58,,,,,,,,
11/6/13,394.98,,,,,,,,
11/7/13,395.44,,,,,,,,
11/8/13,393.86,,,,,,,,
11/12/13,393.61,,,,,,,,
11/13/13,394.16,,,,,,,,
11/14/13,394.88,,,,,,,,
11/15/13,394.86,,,,,,,,
11/18/13,395.36,,,,,,,,
11/19/13,394.79,,,,,,,,
11/20/13,394.12,,,,,,,,
11/21/13,394.24,,,,,,,,
11/22/13,394.62,,,,,,,,
11/25/13,394.79,,,,,,,,
11/26/13,395.12,,,,,,,,
11/27/13,394.94,,,,,,,,
11/29/13,394.89,,,,,,,,
12/2/13,394.32,,,,,,,,
12/3/13,394.58,,,,,,,,
12/4/13,393.98,,,,,,,,
12/5/13,393.63,,,,,,,,
12/6/13,393.71,,,,,,,,
12/9/13,393.8,,,,,,,,
12/10/13,394.37,,,,,,,,
12/11/13,393.85,,,,,,,,
12/12/13,393.4,,,,,,,,
12/13/13,393.56,,,,,,,,
12/16/13,393.49,,,,,,,,
12/17/13,393.92,,,,,,,,
12/18/13,393.55,,,,,,,,
12/19/13,392.97,,,,,,,,
12/20/13,393.24,,,,,,,,
12/23/13,392.86,,,,,,,,
12/24/13,392.26,,,,,,,,
12/26/13,392.12,,,,,,,,
12/27/13,392.1,,,,,,,,
12/30/13,392.54,,,,,,,,
12/31/13,391.99,,,,,,,,
1/2/14,392.46,,,,,,,,
1/3/14,392.33,,,,,,,,
1/6/14,392.72,,,,,,,,
1/7/14,392.9,,,,,,,,
1/8/14,392.15,,,,,,,,
1/9/14,392.49,,,,,,,,
1/10/14,393.82,,,,,,,,
1/13/14,394.29,,,,,,,,
1/14/14,393.7,,,,,,,,
1/15/14,393.46,,,,,,,,
1/16/14,393.93,,,,,,,,
1/17/14,394.22,,,,,,,,
1/21/14,394.08,,,,,,,,
1/22/14,393.67,,,,,,,,
1/23/14,394.81,,,,,,,,
1/24/14,395.38,,,,,,,,
1/27/14,394.92,,,,,,,,
1/28/14,395.19,,,,,,,,
1/29/14,395.89,,,,,,,,
1/30/14,395.75,,,,,,,,
1/31/14,396.3,,,,,,,,
2/3/14,397.23,,,,,,,,
2/4/14,396.72,,,,,,,,
2/5/14,396.18,,,,,,,,
2/6/14,395.85,,,,,,,,
2/7/14,396.24,,,,,,,,
2/10/14,396.32,,,,,,,,
2/11/14,395.69,,,,,,,,
2/12/14,395.26,,,,,,,,
2/13/14,395.99,,,,,,,,
2/14/14,395.92,,,,,,,,
2/18/14,396.33,,,,,,,,
2/19/14,396.01,,,,,,,,
2/20/14,395.73,,,,,,,,
2/21/14,395.97,,,,,,,,
2/24/14,395.78,,,,,,,,
2/25/14,396.37,,,,,,,,
2/26/14,396.79,,,,,,,,
2/27/14,397.09,,,,,,,,
2/28/14,396.93,,,,,,,,
3/3/14,397.63,,,,,,,,
3/4/14,396.52,,,,,,,,
3/5/14,396.62,,,,,,,,
3/6/14,396.01,,,,,,,,
3/7/14,395.29,,,,,,,,
3/10/14,395.44,,,,,,,,
3/11/14,395.59,,,,,,,,
3/12/14,396.09,,,,,,,,
3/13/14,397.05,,,,,,,,
3/14/14,397.01,,,,,,,,
3/17/14,396.43,,,,,,,,
3/18/14,396.78,,,,,,,,
3/19/14,395.23,,,,,,,,
3/20/14,395.18,,,,,,,,
3/21/14,395.5,,,,,,,,
3/24/14,395.57,,,,,,,,
3/25/14,395.48,,,,,,,,
3/26/14,396.17,,,,,,,,
3/27/14,396.29,,,,,,,,
3/28/14,395.85,,,,,,,,
3/31/14,395.96,,,,,,,,
4/1/14,395.58,,,,,,,,
4/2/14,394.96,,,,,,,,
4/3/14,395.1,,,,,,,,
4/4/14,396.01,,,,,,,,
4/7/14,396.45,,,,,,,,
4/8/14,396.63,,,,,,,,
4/9/14,396.78,,,,,,,,
4/10/14,397.44,,,,,,,,
4/11/14,397.84,,,,,,,,
4/14/14,397.48,,,,,,,,
4/15/14,397.64,,,,,,,,
4/16/14,397.38,,,,,,,,
4/17/14,396.41,,,,,,,,
4/21/14,396.55,,,,,,,,
4/22/14,396.49,,,,,,,,
4/23/14,396.91,,,,,,,,
4/24/14,396.94,,,,,,,,
4/25/14,397.15,,,,,,,,
4/28/14,396.88,,,,,,,,
4/29/14,396.94,,,,,,,,
4/30/14,397.48,,,,,,,,
5/1/14,397.96,,,,,,,,
5/2/14,398.08,,,,,,,,
5/5/14,398.1,,,,,,,,
5/6/14,398.04,,,,,,,,
5/7/14,398.18,,,,,,,,
5/8/14,398.34,,,,,,,,
5/9/14,398.26,,,,,,,,
5/12/14,397.88,,,,,,,,
5/13/14,398.46,,,,,,,,
5/14/14,399.26,,,,,,,,
5/15/14,399.76,,,,,,,,
5/16/14,399.53,,,,,,,,
5/19/14,399.38,,,,,,,,
5/20/14,399.75,,,,,,,,
5/21/14,399.43,,,,,,,,
5/22/14,399.24,,,,,,,,
5/23/14,399.51,,,,,,,,
5/27/14,399.78,,,,,,,,
5/28/14,400.63,,,,,,,,
5/29/14,400.33,,,,,,,,
5/30/14,400.15,,,,,,,,
6/2/14,399.49,,,,,,,,
6/3/14,398.74,,,,,,,,
6/4/14,398.66,,,,,,,,
6/5/14,398.91,,,,,,,,
6/6/14,398.71,,,,,,,,
6/9/14,398.42,,,,,,,,
6/10/14,398.07,,,,,,,,
6/11/14,398.26,,,,,,,,
6/12/14,398.9,,,,,,,,
6/13/14,398.57,,,,,,,,
6/16/14,398.54,,,,,,,,
6/17/14,397.89,,,,,,,,
6/18/14,398.63,,,,,,,,
6/19/14,398.26,,,,,,,,
6/20/14,398.48,,,,,,,,
6/23/14,398.32,,,,,,,,
6/24/14,398.92,,,,,,,,
6/25/14,399.16,,,,,,,,
6/26/14,399.63,,,,,,,,
6/27/14,399.64,,,,,,,,
6/30/14,399.81,,,,,,,,
7/1/14,399.28,,,,,,,,
7/2/14,398.53,,,,,,,,
7/3/14,398.22,,,,,,,,
7/7/14,398.45,,,,,,,,
7/8/14,399.1,,,,,,,,
7/9/14,399.27,,,,,,,,
7/10/14,399.57,,,,,,,,
7/11/14,399.91,,,,,,,,
7/14/14,399.54,,,,,,,,
7/15/14,399.3,,,,,,,,
7/16/14,399.43,,,,,,,,
7/17/14,400.41,,,,,,,,
7/18/14,400.02,,,,,,,,
7/21/14,400.08,,,,,,,,
7/22/14,400.33,,,,,,,,
7/23/14,400.36,,,,,,,,
7/24/14,399.69,,,,,,,,
7/25/14,400.27,,,,,,,,
7/28/14,400.07,,,,,,,,
7/29/14,400.29,,,,,,,,
7/30/14,399.27,,,,,,,,
7/31/14,399.28,,,,,,,,
8/1/14,400.34,,,,,,,,
8/4/14,400.39,,,,,,,,
8/5/14,400.45,,,,,,,,
8/6/14,400.6,,,,,,,,
8/7/14,401.28,,,,,,,,
8/8/14,401.12,,,,,,,,
8/11/14,401.09,,,,,,,,
8/12/14,400.85,,,,,,,,
8/13/14,401.41,,,,,,,,
8/14/14,401.77,,,,,,,,
8/15/14,402.37,,,,,,,,
8/18/14,401.81,,,,,,,,
8/19/14,401.65,,,,,,,,
8/20/14,401.1,,,,,,,,
8/21/14,401.4,,,,,,,,
8/22/14,401.41,,,,,,,,
8/25/14,401.48,,,,,,,,
8/26/14,401.51,,,,,,,,
8/27/14,401.95,,,,,,,,
8/28/14,402.33,,,,,,,,
8/29/14,402.37,,,,,,,,
9/2/14,401.34,,,,,,,,
9/3/14,401.59,,,,,,,,
9/4/14,400.97,,,,,,,,
9/5/14,401.11,,,,,,,,
9/8/14,400.87,,,,,,,,
9/9/14,400.51,,,,,,,,
9/10/14,400.09,,,,,,,,
9/11/14,399.95,,,,,,,,
9/12/14,399.39,,,,,,,,
9/15/14,399.7,,,,,,,,
9/16/14,399.68,,,,,,,,
9/17/14,399.18,,,,,,,,
9/18/14,399.17,,,,,,,,
9/19/14,399.75,,,,,,,,
9/22/14,400.16,,,,,,,,
9/23/14,400.49,,,,,,,,
9/24/14,400.08,,,,,,,,
9/25/14,400.92,,,,,,,,
9/26/14,400.55,,,,,,,,
9/29/14,401.06,,,,,,,,
9/30/14,400.81,,,,,,,,
10/1/14,402.34,,,,,,,,
10/2/14,401.82,,,,,,,,
10/3/14,401.71,,,,,,,,
10/6/14,402.06,,,,,,,,
10/7/14,403.1,,,,,,,,
10/8/14,403.83,,,,,,,,
10/9/14,403.51,,,,,,,,
10/10/14,404.14,,,,,,,,
10/14/14,405.44,,,,,,,,
10/15/14,406.55,,,,,,,,
10/16/14,406.05,,,,,,,,
10/17/14,405.48,,,,,,,,
10/20/14,405.82,,,,,,,,
10/21/14,405.39,,,,,,,,
10/22/14,405.32,,,,,,,,
10/23/14,404.57,,,,,,,,
10/24/14,404.67,,,,,,,,
10/27/14,404.84,,,,,,,,
10/28/14,404.43,,,,,,,,
10/29/14,403.8,,,,,,,,
10/30/14,403.98,,,,,,,,
10/31/14,403.65,,,,,,,,
11/3/14,403.55,,,,,,,,
11/4/14,403.66,,,,,,,,
11/5/14,403.65,,,,,,,,
11/6/14,403.1,,,,,,,,
11/7/14,404.19,,,,,,,,
11/10/14,403.45,,,,,,,,
11/12/14,403.42,,,,,,,,
11/13/14,403.72,,,,,,,,
11/14/14,404.1,,,,,,,,
11/17/14,403.92,,,,,,,,
11/18/14,404.13,,,,,,,,
11/19/14,403.68,,,,,,,,
11/20/14,404.01,,,,,,,,
11/21/14,404.42,,,,,,,,
11/24/14,404.56,,,,,,,,
11/25/14,405.08,,,,,,,,
11/26/14,405.38,,,,,,,,
11/28/14,406.38,,,,,,,,
12/1/14,405.79,,,,,,,,
12/2/14,404.85,,,,,,,,
12/3/14,404.85,,,,,,,,
12/4/14,405.41,,,,,,,,
12/5/14,404.28,,,,,,,,
12/8/14,404.84,,,,,,,,
12/9/14,405.42,,,,,,,,
12/10/14,405.83,,,,,,,,
12/11/14,405.96,,,,,,,,
12/12/14,407.34,,,,,,,,
12/15/14,406.79,,,,,,,,
12/16/14,407.66,,,,,,,,
12/17/14,406.51,,,,,,,,
12/18/14,405.49,,,,,,,,
12/19/14,405.96,,,,,,,,
12/22/14,405.99,,,,,,,,
12/23/14,404.58,,,,,,,,
12/24/14,404.72,,,,,,,,
12/26/14,404.94,,,,,,,,
12/29/14,405.58,,,,,,,,
12/30/14,405.95,,,,,,,,
12/31/14,406.3,,,,,,,,
1/2/15,407.08,,,,,,,,
1/5/15,408.1,,,,,,,,
1/6/15,409.44,,,,,,,,
1/7/15,409.51,,,,,,,,
1/8/15,408.82,,,,,,,,
1/9/15,409.76,,,,,,,,
1/12/15,410.47,,,,,,,,
1/13/15,410.7,,,,,,,,
1/14/15,411.51,,,,,,,,
1/15/15,413.2,,,,,,,,
1/16/15,411.81,,,,,,,,
1/20/15,412.33,,,,,,,,
1/21/15,411.52,,,,,,,,
1/22/15,411.02,,,,,,,,
1/23/15,412.15,,,,,,,,
1/26/15,411.74,,,,,,,,
1/27/15,412,,,,,,,,
1/28/15,413.37,,,,,,,,
1/29/15,412.85,,,,,,,,
1/30/15,414.51,,,,,,,,
2/2/15,414.2,,,,,,,,
2/3/15,412.52,,,,,,,,
2/4/15,412.79,,,,,,,,
2/5/15,412.07,,,,,,,,
2/6/15,409.72,,,,,,,,
2/9/15,409.59,,,,,,,,
2/10/15,409.08,,,,,,,,
2/11/15,409.05,,,,,,,,
2/12/15,409.18,,,,,,,,
2/13/15,408.56,,,,,,,,
2/17/15,407.32,,,,,,,,
2/18/15,408.2,,,,,,,,
2/19/15,407.73,,,,,,,,
2/20/15,407.6,,,,,,,,
2/23/15,408.48,,,,,,,,
2/24/15,409.75,,,,,,,,
2/25/15,410.04,,,,,,,,
2/26/15,408.81,,,,,,,,
2/27/15,409.51,,,,,,,,
3/2/15,408.13,,,,,,,,
3/3/15,407.7,,,,,,,,
3/4/15,407.91,,,,,,,,
3/5/15,408.04,,,,,,,,
3/6/15,406.01,,,,,,,,
3/9/15,406.82,,,,,,,,
3/10/15,407.72,,,,,,,,
3/11/15,408.09,,,,,,,,
3/12/15,408.26,,,,,,,,
3/13/15,408.08,,,,,,,,
3/16/15,408.72,,,,,,,,
3/17/15,409.08,,,,,,,,
3/18/15,411.41,,,,,,,,
3/19/15,410.45,,,,,,,,
3/20/15,411.26,,,,,,,,
3/23/15,411.41,,,,,,,,
3/24/15,412.08,,,,,,,,
3/25/15,411.36,,,,,,,,
3/26/15,410.24,,,,,,,,
3/27/15,411.09,,,,,,,,
3/30/15,411.04,,,,,,,,
3/31/15,411.52,,,,,,,,
4/1/15,412.54,,,,,,,,
4/2/15,411.85,,,,,,,,
4/3/15,413.1,,,,,,,,
4/6/15,412.15,,,,,,,,
4/7/15,412.34,,,,,,,,
4/8/15,412.2,,,,,,,,
4/9/15,411.28,,,,,,,,
4/10/15,411.27,,,,,,,,
4/13/15,411.62,,,,,,,,
4/14/15,412.2,,,,,,,,
4/15/15,412.34,,,,,,,,
4/16/15,412.39,,,,,,,,
4/17/15,412.78,,,,,,,,
4/20/15,412.29,,,,,,,,
4/21/15,412,,,,,,,,
4/22/15,410.78,,,,,,,,
4/23/15,411.33,,,,,,,,
4/24/15,412.02,,,,,,,,
4/27/15,411.85,,,,,,,,
4/28/15,410.82,,,,,,,,
4/29/15,410.11,,,,,,,,
4/30/15,410.15,,,,,,,,
5/1/15,409,,,,,,,,
5/4/15,408.57,,,,,,,,
5/5/15,408.22,,,,,,,,
5/6/15,407.2,,,,,,,,
5/7/15,407.9,,,,,,,,
5/8/15,408.78,,,,,,,,
5/11/15,406.88,,,,,,,,
5/12/15,407.09,,,,,,,,
5/13/15,406.89,,,,,,,,
5/14/15,407.54,,,,,,,,
5/15/15,408.81,,,,,,,,
5/18/15,407.56,,,,,,,,
5/19/15,406.59,,,,,,,,
5/20/15,407.03,,,,,,,,
5/21/15,408.05,,,,,,,,
5/22/15,407.63,,,,,,,,
5/26/15,408.7,,,,,,,,
5/27/15,408.78,,,,,,,,
5/28/15,408.93,,,,,,,,
5/29/15,409.22,,,,,,,,
6/1/15,408.24,,,,,,,,
6/2/15,407.15,,,,,,,,
6/3/15,405.75,,,,,,,,
6/4/15,406.64,,,,,,,,
6/5/15,405.33,,,,,,,,
6/8/15,405.61,,,,,,,,
6/9/15,404.95,,,,,,,,
6/10/15,404.24,,,,,,,,
6/11/15,405.61,,,,,,,,
6/12/15,405.59,,,,,,,,
6/15/15,405.98,,,,,,,,
6/16/15,406.63,,,,,,,,
6/17/15,406.74,,,,,,,,
6/18/15,406.59,,,,,,,,
6/19/15,407.57,,,,,,,,
6/22/15,405.96,,,,,,,,
6/23/15,405.46,,,,,,,,
6/24/15,406,,,,,,,,
6/25/15,405.65,,,,,,,,
6/26/15,404.86,,,,,,,,
6/29/15,407.07,,,,,,,,
6/30/15,406.65,,,,,,,,
7/1/15,405.52,,,,,,,,
7/2/15,406.31,,,,,,,,
7/6/15,407.73,,,,,,,,
7/7/15,408.36,,,,,,,,
7/8/15,409.16,,,,,,,,
7/9/15,407.68,,,,,,,,
7/10/15,406.25,,,,,,,,
7/13/15,405.71,,,,,,,,
7/14/15,406.32,,,,,,,,
7/15/15,407.07,,,,,,,,
7/16/15,407.15,,,,,,,,
7/17/15,407.19,,,,,,,,
7/20/15,406.7,,,,,,,,
7/21/15,407.25,,,,,,,,
7/22/15,407.43,,,,,,,,
7/23/15,408.3,,,,,,,,
7/24/15,408.57,,,,,,,,
7/27/15,409.3,,,,,,,,
7/28/15,408.73,,,,,,,,
7/29/15,408.37,,,,,,,,
7/30/15,408.6,,,,,,,,
7/31/15,409.76,,,,,,,,
8/3/15,410.43,,,,,,,,
8/4/15,409.22,,,,,,,,
8/5/15,408.55,,,,,,,,
8/6/15,409.25,,,,,,,,
8/7/15,410,,,,,,,,
8/10/15,409.2,,,,,,,,
8/11/15,410.69,,,,,,,,
8/12/15,410.54,,,,,,,,
8/13/15,409.9,,,,,,,,
8/14/15,409.79,,,,,,,,
8/17/15,410.23,,,,,,,,
8/18/15,409.8,,,,,,,,
8/19/15,411.01,,,,,,,,
8/20/15,411.58,,,,,,,,
8/21/15,412.25,,,,,,,,
8/24/15,412.7,,,,,,,,
8/25/15,411.47,,,,,,,,
8/26/15,410.1,,,,,,,,
8/27/15,410.08,,,,,,,,
8/28/15,409.98,,,,,,,,
8/31/15,409.43,,,,,,,,
9/1/15,410.2,,,,,,,,
9/2/15,409.71,,,,,,,,
9/3/15,410.22,,,,,,,,
9/4/15,410.82,,,,,,,,
9/8/15,409.71,,,,,,,,
9/9/15,409.95,,,,,,,,
9/10/15,409.54,,,,,,,,
9/11/15,410.18,,,,,,,,
9/14/15,410.31,,,,,,,,
9/15/15,408.52,,,,,,,,
9/16/15,408.34,,,,,,,,
9/17/15,410.21,,,,,,,,
9/18/15,411.19,,,,,,,,
9/21/15,410.04,,,,,,,,
9/22/15,411.12,,,,,,,,
9/23/15,411,,,,,,,,
9/24/15,411.48,,,,,,,,
9/25/15,410.9,,,,,,,,
9/28/15,412.14,,,,,,,,
9/29/15,412.7,,,,,,,,
9/30/15,412.66,,,,,,,,
10/1/15,412.87,,,,,,,,
10/2/15,413.97,,,,,,,,
10/5/15,412.87,,,,,,,,
10/6/15,413.2,,,,,,,,
10/7/15,412.68,,,,,,,,
10/8/15,412.11,,,,,,,,
10/9/15,412.14,,,,,,,,
10/13/15,413.1,,,,,,,,
10/14/15,414.2,,,,,,,,
10/15/15,413.53,,,,,,,,
10/16/15,413.37,,,,,,,,
10/19/15,413.31,,,,,,,,
10/20/15,412.59,,,,,,,,
10/21/15,413.3,,,,,,,,
10/22/15,413.55,,,,,,,,
10/23/15,412.51,,,,,,,,
10/26/15,412.98,,,,,,,,
10/27/15,413.42,,,,,,,,
10/28/15,412.31,,,,,,,,
10/29/15,411.22,,,,,,,,
10/30/15,411.57,,,,,,,,
11/2/15,411,,,,,,,,
11/3/15,410.38,,,,,,,,
11/4/15,409.99,,,,,,,,
11/5/15,409.79,,,,,,,,
11/6/15,408.32,,,,,,,,
11/9/15,407.96,,,,,,,,
11/10/15,408.41,,,,,,,,
11/12/15,408.53,,,,,,,,
11/13/15,409.27,,,,,,,,
11/16/15,409.39,,,,,,,,
11/17/15,409.39,,,,,,,,
11/18/15,409.29,,,,,,,,
11/19/15,409.75,,,,,,,,
11/20/15,409.48,,,,,,,,
11/23/15,409.65,,,,,,,,
11/24/15,409.83,,,,,,,,
11/25/15,409.92,,,,,,,,
11/27/15,410.11,,,,,,,,
11/30/15,410.21,,,,,,,,
12/1/15,411.31,,,,,,,,
12/2/15,410.9,,,,,,,,
12/3/15,408.8,,,,,,,,
12/4/15,409.49,,,,,,,,
12/7/15,410.18,,,,,,,,
12/8/15,410.26,,,,,,,,
12/9/15,410.46,,,,,,,,
12/10/15,410.17,,,,,,,,
12/11/15,411.88,,,,,,,,
12/14/15,410.46,,,,,,,,
12/15/15,409.77,,,,,,,,
12/16/15,409.25,,,,,,,,
12/17/15,410.09,,,,,,,,
12/18/15,410.86,,,,,,,,
12/21/15,410.9,,,,,,,,
12/22/15,410.25,,,,,,,,
12/23/15,409.73,,,,,,,,
12/24/15,410.06,,,,,,,,
12/28/15,410.22,,,,,,,,
12/29/15,408.88,,,,,,,,
12/30/15,408.96,,,,,,,,
12/31/15,409.58,,,,,,,,
1/4/16,410.23,,,,,,,,
1/5/16,410.03,,,,,,,,
1/6/16,411.3,,,,,,,,
1/7/16,411.78,,,,,,,,
1/8/16,412.42,,,,,,,,
1/11/16,411.74,,,,,,,,
1/12/16,412.71,,,,,,,,
1/13/16,413.66,,,,,,,,
1/14/16,413.17,,,,,,,,
1/15/16,414.57,,,,,,,,
1/19/16,414.2,,,,,,,,
1/20/16,415.3,,,,,,,,
1/21/16,414.82,,,,,,,,
1/22/16,414.28,,,,,,,,
1/25/16,414.8,,,,,,,,
1/26/16,415.02,,,,,,,,
1/27/16,415.18,,,,,,,,
1/28/16,415.48,,,,,,,,
1/29/16,416.54,,,,,,,,
2/1/16,416.05,,,,,,,,
2/2/16,417.81,,,,,,,,
2/3/16,417.53,,,,,,,,
2/4/16,418.01,,,,,,,,
2/5/16,418.08,,,,,,,,
2/8/16,419.94,,,,,,,,
2/9/16,420,,,,,,,,
2/10/16,420.68,,,,,,,,
2/11/16,421.4,,,,,,,,
2/12/16,419.81,,,,,,,,
2/16/16,419.05,,,,,,,,
2/17/16,418.44,,,,,,,,
2/18/16,419.57,,,,,,,,
2/19/16,419.44,,,,,,,,
2/22/16,419.25,,,,,,,,
2/23/16,419.7,,,,,,,,
2/24/16,419.66,,,,,,,,
2/25/16,420.27,,,,,,,,
2/26/16,419.1,,,,,,,,
2/29/16,419.38,,,,,,,,
3/1/16,417.66,,,,,,,,
3/2/16,417.6,,,,,,,,
3/3/16,417.82,,,,,,,,
3/4/16,417.12,,,,,,,,
3/7/16,416.73,,,,,,,,
3/8/16,418.02,,,,,,,,
3/9/16,417.25,,,,,,,,
3/10/16,416.5,,,,,,,,
3/11/16,415.68,,,,,,,,
3/14/16,415.89,,,,,,,,
3/15/16,415.88,,,,,,,,
3/16/16,417.11,,,,,,,,
3/17/16,417.38,,,,,,,,
3/18/16,417.92,,,,,,,,
3/21/16,417.18,,,,,,,,
3/22/16,416.86,,,,,,,,
3/23/16,417.96,,,,,,,,
3/24/16,417.68,,,,,,,,
3/28/16,417.97,,,,,,,,
3/29/16,419.51,,,,,,,,
3/30/16,419.27,,,,,,,,
3/31/16,420.02,,,,,,,,
4/1/16,420.02,,,,,,,,
4/4/16,420.23,,,,,,,,
4/5/16,421.21,,,,,,,,
4/6/16,420.6,,,,,,,,
4/7/16,421.87,,,,,,,,
4/8/16,421.42,,,,,,,,
4/11/16,421.35,,,,,,,,
4/12/16,420.49,,,,,,,,
4/13/16,420.6,,,,,,,,
4/14/16,420.07,,,,,,,,
4/15/16,420.93,,,,,,,,
4/18/16,420.6,,,,,,,,
4/19/16,420.2,,,,,,,,
4/20/16,419.17,,,,,,,,
4/21/16,418.65,,,,,,,,
4/22/16,418.44,,,,,,,,
4/25/16,418.08,,,,,,,,
4/26/16,417.56,,,,,,,,
4/27/16,418.71,,,,,,,,
4/28/16,419.43,,,,,,,,
4/29/16,419.59,,,,,,,,
5/2/16,418.81,,,,,,,,
5/3/16,420.1,,,,,,,,
5/4/16,420.62,,,,,,,,
5/5/16,421.24,,,,,,,,
5/6/16,420.76,,,,,,,,
5/9/16,421.27,,,,,,,,
5/10/16,421.23,,,,,,,,
5/11/16,421.54,,,,,,,,
5/12/16,420.96,,,,,,,,
5/13/16,421.75,,,,,,,,
5/16/16,420.84,,,,,,,,
5/17/16,420.61,,,,,,,,
5/18/16,418.78,,,,,,,,
5/19/16,419.18,,,,,,,,
5/20/16,419.31,,,,,,,,
5/23/16,419.38,,,,,,,,
5/24/16,418.9,,,,,,,,
5/25/16,418.71,,,,,,,,
5/26/16,419.54,,,,,,,,
5/27/16,419.13,,,,,,,,
5/31/16,419.39,,,,,,,,
6/1/16,419.43,,,,,,,,
6/2/16,420.15,,,,,,,,
6/3/16,422.26,,,,,,,,
6/6/16,421.66,,,,,,,,
6/7/16,422.03,,,,,,,,
6/8/16,422.31,,,,,,,,
6/9/16,422.81,,,,,,,,
6/10/16,423.52,,,,,,,,
6/13/16,424.15,,,,,,,,
6/14/16,424.04,,,,,,,,
6/15/16,424.82,,,,,,,,
6/16/16,425.04,,,,,,,,
6/17/16,424.5,,,,,,,,
6/20/16,423.35,,,,,,,,
6/21/16,422.89,,,,,,,,
6/22/16,423.19,,,,,,,,
6/23/16,422.08,,,,,,,,
6/24/16,425.18,,,,,,,,
6/27/16,427.42,,,,,,,,
6/28/16,427.47,,,,,,,,
6/29/16,426.59,,,,,,,,
6/30/16,427.11,,,,,,,,
7/1/16,427.79,,,,,,,,
7/5/16,429.9,,,,,,,,
7/6/16,429.45,,,,,,,,
7/7/16,429.59,,,,,,,,
7/8/16,429.95,,,,,,,,
7/11/16,428.73,,,,,,,,
7/12/16,427.19,,,,,,,,
7/13/16,428.12,,,,,,,,
7/14/16,426.87,,,,,,,,
7/15/16,425.67,,,,,,,,
7/18/16,425.87,,,,,,,,
7/19/16,426.4,,,,,,,,
7/20/16,425.88,,,,,,,,
7/21/16,426.19,,,,,,,,
7/22/16,426.14,,,,,,,,
7/25/16,426.04,,,,,,,,
7/26/16,426.18,,,,,,,,
7/27/16,427.28,,,,,,,,
7/28/16,427.35,,,,,,,,
7/29/16,428.52,,,,,,,,
8/1/16,427.73,,,,,,,,
8/2/16,426.95,,,,,,,,
8/3/16,426.9,,,,,,,,
8/4/16,427.78,,,,,,,,
8/5/16,426.05,,,,,,,,
8/8/16,426.13,,,,,,,,
8/9/16,426.92,,,,,,,,
8/10/16,427.69,,,,,,,,
8/11/16,426.17,,,,,,,,
8/12/16,427.32,,,,,,,,
8/15/16,426.58,,,,,,,,
8/16/16,426.04,,,,,,,,
8/17/16,426.43,,,,,,,,
8/18/16,427,,,,,,,,
8/19/16,426.11,,,,,,,,
8/22/16,427.05,,,,,,,,
8/23/16,426.93,,,,,,,,
8/24/16,426.85,,,,,,,,
8/25/16,426.39,,,,,,,,
8/26/16,425.1,,,,,,,,
8/29/16,426.68,,,,,,,,
8/30/16,426.44,,,,,,,,
8/31/16,426.53,,,,,,,,
9/1/16,426.55,,,,,,,,
9/2/16,425.94,,,,,,,,
9/6/16,427.17,,,,,,,,
9/7/16,427.19,,,,,,,,
9/8/16,425.48,,,,,,,,
9/9/16,424.3,,,,,,,,
9/12/16,424.52,,,,,,,,
9/13/16,423.48,,,,,,,,
9/14/16,423.93,,,,,,,,
9/15/16,423.87,,,,,,,,
9/16/16,424.24,,,,,,,,
9/19/16,423.9,,,,,,,,
9/20/16,424.23,,,,,,,,
9/21/16,424.84,,,,,,,,
9/22/16,425.55,,,,,,,,
9/23/16,425.63,,,,,,,,
9/26/16,426.45,,,,,,,,
9/27/16,427.03,,,,,,,,
9/28/16,426.83,,,,,,,,
9/29/16,427.15,,,,,,,,
9/30/16,426.24,,,,,,,,
10/3/16,425.73,,,,,,,,
10/4/16,424.49,,,,,,,,
10/5/16,423.96,,,,,,,,
10/6/16,423.3,,,,,,,,
10/7/16,423.52,,,,,,,,
10/11/16,422.67,,,,,,,,
10/12/16,422.75,,,,,,,,
10/13/16,423.31,,,,,,,,
10/14/16,422.25,,,,,,,,
10/17/16,423.04,,,,,,,,
10/18/16,423.41,,,,,,,,
10/19/16,423.54,,,,,,,,
10/20/16,423.45,,,,,,,,
10/21/16,423.61,,,,,,,,
10/24/16,423.18,,,,,,,,
10/25/16,423.29,,,,,,,,
10/26/16,422.69,,,,,,,,
10/27/16,421.68,,,,,,,,
10/28/16,421.68,,,,,,,,
10/31/16,422.24,,,,,,,,
11/1/16,422.34,,,,,,,,
11/2/16,422.98,,,,,,,,
11/3/16,422.57,,,,,,,,
11/4/16,423.42,,,,,,,,
11/7/16,422.38,,,,,,,,
11/8/16,421.55,,,,,,,,
11/9/16,417.52,,,,,,,,
11/10/16,416.05,,,,,,,,
11/14/16,414.31,,,,,,,,
11/15/16,414.42,,,,,,,,
11/16/16,414.96,,,,,,,,
11/17/16,413.73,,,,,,,,
11/18/16,412.94,,,,,,,,
11/21/16,413.16,,,,,,,,
11/22/16,413.27,,,,,,,,
11/23/16,412.47,,,,,,,,
11/25/16,412.64,,,,,,,,
11/28/16,413.44,,,,,,,,
11/29/16,413.73,,,,,,,,
11/30/16,412.24,,,,,,,,
12/1/16,411.25,,,,,,,,
12/2/16,412.21,,,,,,,,
12/5/16,412.13,,,,,,,,
12/6/16,412.24,,,,,,,,
12/7/16,413.07,,,,,,,,
12/8/16,412.15,,,,,,,,
12/9/16,410.9,,,,,,,,
12/12/16,411.03,,,,,,,,
12/13/16,411.12,,,,,,,,
12/14/16,409.2,,,,,,,,
12/15/16,408.94,,,,,,,,
12/16/16,409.12,,,,,,,,
12/19/16,410.27,,,,,,,,
12/20/16,409.83,,,,,,,,
12/21/16,410.31,,,,,,,,
12/22/16,410.16,,,,,,,,
12/23/16,410.31,,,,,,,,
12/27/16,409.96,,,,,,,,
12/28/16,410.85,,,,,,,,
12/29/16,411.58,,,,,,,,
12/30/16,412.06,,,,,,,,
1/3/17,412.17,,,,,,,,
1/4/17,412.47,,,,,,,,
1/5/17,414.14,,,,,,,,
1/6/17,412.91,,,,,,,,
1/9/17,413.91,,,,,,,,
1/10/17,413.85,,,,,,,,
1/11/17,414.11,,,,,,,,
1/12/17,414.18,,,,,,,,
1/13/17,413.55,,,,,,,,
1/17/17,414.92,,,,,,,,
1/18/17,413.15,,,,,,,,
1/19/17,412.45,,,,,,,,
1/20/17,412.61,,,,,,,,
1/23/17,413.92,,,,,,,,
1/24/17,412.96,,,,,,,,
1/25/17,411.76,,,,,,,,
1/26/17,412.2,,,,,,,,
1/27/17,412.5,,,,,,,,
1/30/17,412.38,,,,,,,,
1/31/17,413.13,,,,,,,,
2/1/17,412.61,,,,,,,,
2/2/17,412.66,,,,,,,,
2/3/17,412.71,,,,,,,,
2/6/17,413.82,,,,,,,,
2/7/17,414.28,,,,,,,,
2/8/17,415.49,,,,,,,,
2/9/17,414.16,,,,,,,,
2/10/17,414,,,,,,,,
2/13/17,413.62,,,,,,,,
2/14/17,412.66,,,,,,,,
2/15/17,412.07,,,,,,,,
2/16/17,413.06,,,,,,,,
2/17/17,413.73,,,,,,,,
2/21/17,413.59,,,,,,,,
2/22/17,413.94,,,,,,,,
2/23/17,414.5,,,,,,,,
2/24/17,415.7,,,,,,,,
2/27/17,414.81,,,,,,,,
2/28/17,414.81,,,,,,,,
3/1/17,412.82,,,,,,,,
3/2/17,412.25,,,,,,,,
3/3/17,412.5,,,,,,,,
3/6/17,412.31,,,,,,,,
3/7/17,411.84,,,,,,,,
3/8/17,411.1,,,,,,,,
3/9/17,410.33,,,,,,,,
3/10/17,410.76,,,,,,,,
3/13/17,410.17,,,,,,,,
3/14/17,410.54,,,,,,,,
3/15/17,412.41,,,,,,,,
3/16/17,411.82,,,,,,,,
3/17/17,412.44,,,,,,,,
3/20/17,413.11,,,,,,,,
3/21/17,414.02,,,,,,,,
3/22/17,414.41,,,,,,,,
3/23/17,414.22,,,,,,,,
3/24/17,414.42,,,,,,,,
3/27/17,415.03,,,,,,,,
3/28/17,414.19,,,,,,,,
3/29/17,414.97,,,,,,,,
3/30/17,414.21,,,,,,,,
3/31/17,414.69,,,,,,,,
4/3/17,415.96,,,,,,,,
4/4/17,415.46,,,,,,,,
4/5/17,415.98,,,,,,,,
4/6/17,415.81,,,,,,,,
4/7/17,414.96,,,,,,,,
4/10/17,415.47,,,,,,,,
4/11/17,416.72,,,,,,,,
4/12/17,417.46,,,,,,,,
4/13/17,418.02,,,,,,,,
4/17/17,417.72,,,,,,,,
4/18/17,419.28,,,,,,,,
4/19/17,418.58,,,,,,,,
4/20/17,418.08,,,,,,,,
4/21/17,418.2,,,,,,,,
4/24/17,417.57,,,,,,,,
4/25/17,416.24,,,,,,,,
4/26/17,416.88,,,,,,,,
4/27/17,417.05,,,,,,,,
4/28/17,417.24,,,,,,,,
5/1/17,416.5,,,,,,,,
5/2/17,417.11,,,,,,,,
5/3/17,416.72,,,,,,,,
5/4/17,416.16,,,,,,,,
5/5/17,416.23,,,,,,,,
5/8/17,415.64,,,,,,,,
5/9/17,415.48,,,,,,,,
5/10/17,415.35,,,,,,,,
5/11/17,415.52,,,,,,,,
5/12/17,416.7,,,,,,,,
5/15/17,416.46,,,,,,,,
5/16/17,416.8,,,,,,,,
5/17/17,418.78,,,,,,,,
5/18/17,418.65,,,,,,,,
5/19/17,418.68,,,,,,,,
5/22/17,418.46,,,,,,,,
5/23/17,417.66,,,,,,,,
5/24/17,418.36,,,,,,,,
5/25/17,418.4,,,,,,,,
5/26/17,418.52,,,,,,,,
5/30/17,419.18,,,,,,,,
5/31/17,419.39,,,,,,,,
6/1/17,419.29,,,,,,,,
6/2/17,420.5,,,,,,,,
6/5/17,419.9,,,,,,,,
6/6/17,420.64,,,,,,,,
6/7/17,420.04,,,,,,,,
6/8/17,419.7,,,,,,,,
6/9/17,419.4,,,,,,,,
6/12/17,419.4,,,,,,,,
6/13/17,419.41,,,,,,,,
6/14/17,420.93,,,,,,,,
6/15/17,420.52,,,,,,,,
6/16/17,420.8,,,,,,,,
6/19/17,420.25,,,,,,,,
6/20/17,421.08,,,,,,,,
6/21/17,421.18,,,,,,,,
6/22/17,421.45,,,,,,,,
6/23/17,421.47,,,,,,,,
6/26/17,421.81,,,,,,,,
6/27/17,420.56,,,,,,,,
6/28/17,420.47,,,,,,,,
6/29/17,419.61,,,,,,,,
6/30/17,419.09,,,,,,,,
7/3/17,418.31,,,,,,,,
7/5/17,418.59,,,,,,,,
7/6/17,417.95,,,,,,,,
7/7/17,417.54,,,,,,,,
7/10/17,417.86,,,,,,,,
7/11/17,418.2,,,,,,,,
7/12/17,419.03,,,,,,,,
7/13/17,418.48,,,,,,,,
7/14/17,418.8,,,,,,,,
7/17/17,419.13,,,,,,,,
7/18/17,420.06,,,,,,,,
7/19/17,420.02,,,,,,,,
7/20/17,420.21,,,,,,,,
7/21/17,420.73,,,,,,,,
7/24/17,420.36,,,,,,,,
7/25/17,418.91,,,,,,,,
7/26/17,419.61,,,,,,,,
7/27/17,419.18,,,,,,,,
7/28/17,419.73,,,,,,,,
7/31/17,419.81,,,,,,,,
8/1/17,420.56,,,,,,,,
8/2/17,420.42,,,,,,,,
8/3/17,421.48,,,,,,,,
8/4/17,420.55,,,,,,,,
8/7/17,420.74,,,,,,,,
8/8/17,420.47,,,,,,,,
8/9/17,420.99,,,,,,,,
8/10/17,421.94,,,,,,,,
8/11/17,422.26,,,,,,,,
8/14/17,421.65,,,,,,,,
8/15/17,420.93,,,,,,,,
8/16/17,421.45,,,,,,,,
8/17/17,422.37,,,,,,,,
8/18/17,422.29,,,,,,,,
8/21/17,422.61,,,,,,,,
8/22/17,422.05,,,,,,,,
8/23/17,422.95,,,,,,,,
8/24/17,422.41,,,,,,,,
8/25/17,422.8,,,,,,,,
8/28/17,423.01,,,,,,,,
8/29/17,423.56,,,,,,,,
8/30/17,423.34,,,,,,,,
8/31/17,423.73,,,,,,,,
9/1/17,422.85,,,,,,,,
9/5/17,424.87,,,,,,,,
9/6/17,424.12,,,,,,,,
9/7/17,425.39,,,,,,,,
9/8/17,425.17,,,,,,,,
9/11/17,423.7,,,,,,,,
9/12/17,423.03,,,,,,,,
9/13/17,422.55,,,,,,,,
9/14/17,422.7,,,,,,,,
9/15/17,422.51,,,,,,,,
9/18/17,422.03,,,,,,,,
9/19/17,421.76,,,,,,,,
9/20/17,421.4,,,,,,,,
9/21/17,421.23,,,,,,,,
9/22/17,421.65,,,,,,,,
9/25/17,422.46,,,,,,,,
9/26/17,422.16,,,,,,,,
9/27/17,420.77,,,,,,,,
9/28/17,420.71,,,,,,,,
9/29/17,420.48,,,,,,,,
10/2/17,420.3,,,,,,,,
10/3/17,420.6,,,,,,,,
10/4/17,420.64,,,,,,,,
10/5/17,420.15,,,,,,,,
10/6/17,419.77,,,,,,,,
10/10/17,420.29,,,,,,,,
10/11/17,420.44,,,,,,,,
10/12/17,420.81,,,,,,,,
10/13/17,421.64,,,,,,,,
10/16/17,421.21,,,,,,,,
10/17/17,421.19,,,,,,,,
10/18/17,420.5,,,,,,,,
10/19/17,420.87,,,,,,,,
10/20/17,419.63,,,,,,,,
10/23/17,420,,,,,,,,
10/24/17,419.27,,,,,,,,
10/25/17,418.88,,,,,,,,
10/26/17,418.48,,,,,,,,
10/27/17,419.23,,,,,,,,
10/30/17,420.31,,,,,,,,
10/31/17,420.12,,,,,,,,
11/1/17,420.36,,,,,,,,
11/2/17,420.84,,,,,,,,
11/3/17,421.1,,,,,,,,
11/6/17,421.49,,,,,,,,
11/7/17,421.69,,,,,,,,
11/8/17,421.33,,,,,,,,
11/9/17,421.2,,,,,,,,
11/10/17,419.72,,,,,,,,
11/13/17,419.76,,,,,,,,
11/14/17,420.25,,,,,,,,
11/15/17,421.31,,,,,,,,
11/16/17,420.35,,,,,,,,
11/17/17,420.92,,,,,,,,
11/20/17,420.61,,,,,,,,
11/21/17,420.67,,,,,,,,
11/22/17,421.45,,,,,,,,
11/24/17,421.11,,,,,,,,
11/27/17,421.22,,,,,,,,
11/28/17,421.3,,,,,,,,
11/29/17,420.33,,,,,,,,
11/30/17,419.66,,,,,,,,
12/1/17,420.84,,,,,,,,
12/4/17,420.68,,,,,,,,
12/5/17,420.98,,,,,,,,
12/6/17,421.5,,,,,,,,
12/7/17,420.9,,,,,,,,
12/8/17,420.77,,,,,,,,
12/11/17,420.54,,,,,,,,
12/12/17,420.4,,,,,,,,
12/13/17,421.54,,,,,,,,
12/14/17,421.57,,,,,,,,
12/15/17,421.61,,,,,,,,
12/18/17,420.92,,,,,,,,
12/19/17,419.67,,,,,,,,
12/20/17,418.72,,,,,,,,
12/21/17,419.03,,,,,,,,
12/22/17,419.09,,,,,,,,
12/26/17,419.4,,,,,,,,
12/27/17,420.68,,,,,,,,
12/28/17,420.43,,,,,,,,
12/29/17,420.85,,,,,,,,
1/2/18,419.78,,,,,,,,
1/3/18,420.1,,,,,,,,
1/4/18,419.88,,,,,,,,
1/5/18,419.55,,,,,,,,
1/8/18,419.51,,,,,,,,
1/9/18,418.24,,,,,,,,
1/10/18,418.25,,,,,,,,
1/11/18,418.5,,,,,,,,
1/12/18,418.4,,,,,,,,
1/16/18,418.71,,,,,,,,
1/17/18,418.27,,,,,,,,
1/18/18,417.41,,,,,,,,
1/19/18,416.77,,,,,,,,
1/22/18,416.82,,,,,,,,
1/23/18,417.5,,,,,,,,
1/24/18,416.94,,,,,,,,
1/25/18,417.62,,,,,,,,
1/26/18,416.82,,,,,,,,
1/29/18,416.31,,,,,,,,
1/30/18,415.74,,,,,,,,
1/31/18,415.95,,,,,,,,
2/1/18,414.54,,,,,,,,
2/2/18,413.8,,,,,,,,
2/5/18,415.69,,,,,,,,
2/6/18,414.57,,,,,,,,
2/7/18,413.63,,,,,,,,
2/8/18,413.87,,,,,,,,
2/9/18,413.45,,,,,,,,
2/12/18,413.59,,,,,,,,
2/13/18,413.97,,,,,,,,
2/14/18,412.35,,,,,,,,
2/15/18,412.52,,,,,,,,
2/16/18,413.1,,,,,,,,
2/20/18,412.75,,,,,,,,
2/21/18,411.7,,,,,,,,
2/22/18,412.15,,,,,,,,
2/23/18,413.04,,,,,,,,
2/26/18,413.28,,,,,,,,
2/27/18,412.72,,,,,,,,
2/28/18,413.33,,,,,,,,
3/1/18,414.41,,,,,,,,
3/2/18,413.41,,,,,,,,
3/5/18,413.2,,,,,,,,
3/6/18,413.23,,,,,,,,
3/7/18,413.19,,,,,,,,
3/8/18,413.71,,,,,,,,
3/9/18,413.08,,,,,,,,
3/12/18,413.75,,,,,,,,
3/13/18,414.25,,,,,,,,
3/14/18,414.9,,,,,,,,
3/15/18,414.81,,,,,,,,
3/16/18,414.37,,,,,,,,
3/19/18,414.16,,,,,,,,
3/20/18,413.57,,,,,,,,
3/21/18,413.88,,,,,,,,
3/22/18,414.94,,,,,,,,
3/23/18,415.12,,,,,,,,
3/26/18,414.56,,,,,,,,
3/27/18,415.91,,,,,,,,
3/28/18,415.94,,,,,,,,
3/29/18,416.53,,,,,,,,
4/2/18,416.84,,,,,,,,
4/3/18,415.9,,,,,,,,
4/4/18,415.71,,,,,,,,
4/5/18,414.98,,,,,,,,
4/6/18,416.29,,,,,,,,
4/9/18,416.38,,,,,,,,
4/10/18,415.97,,,,,,,,
4/11/18,416.28,,,,,,,,
4/12/18,415.29,,,,,,,,
4/13/18,415.47,,,,,,,,
4/16/18,415.4,,,,,,,,
4/17/18,415.62,,,,,,,,
4/18/18,414.56,,,,,,,,
4/19/18,413.85,,,,,,,,
4/20/18,413,,,,,,,,
4/23/18,412.89,,,,,,,,
4/24/18,412.58,,,,,,,,
4/25/18,412.05,,,,,,,,
4/26/18,412.74,,,,,,,,
4/27/18,413.33,,,,,,,,
4/30/18,413.61,,,,,,,,
5/1/18,413.15,,,,,,,,
5/2/18,413.22,,,,,,,,
5/3/18,413.75,,,,,,,,
5/4/18,413.83,,,,,,,,
5/7/18,413.77,,,,,,,,
5/8/18,413.5,,,,,,,,
5/9/18,412.87,,,,,,,,
5/10/18,413.48,,,,,,,,
5/11/18,413.59,,,,,,,,
5/14/18,413.14,,,,,,,,
5/15/18,411.83,,,,,,,,
5/16/18,411.37,,,,,,,,
5/17/18,411.12,,,,,,,,
5/18/18,412.12,,,,,,,,
5/21/18,412.21,,,,,,,,
5/22/18,412.13,,,,,,,,
5/23/18,413.23,,,,,,,,
5/24/18,413.97,,,,,,,,
5/25/18,414.96,,,,,,,,
,,,,,,,,,
,,,,,,,,,
,,,,,,,,,
"Source: S&P Dow Jones Indices LLC, a division of S&P Global.

 The launch date of the S&P U.S. Treasury Bond Index was March 24, 2010.

All information presented prior to the index launch date is back-tested. Back-tested performance is not actual performance, but is hypothetical. The back-test calculations are based on the same methodology that was in effect when the index was officially launched. Past performance is not an indication or guarantee of future results.  Please see the Performance Disclosure at http://www.spindices.com/regulatory-affairs-disclaimers/ for more information regarding the inherent limitations associated with back-tested performance.

Copyright  2018 S&P Dow Jones Indices LLC, a division of S&P Global. All rights reserved. Redistribution or reproduction in whole or in part are prohibited without written permission. STANDARD & POORS and S&P are registered trademarks of Standard & Poors Financial Services LLC, a division of S&P Global (S&P); DOW JONES is a registered trademark of Dow Jones Trademark Holdings LLC (Dow Jones); and these trademarks have been licensed for use by S&P Dow Jones Indices LLC. S&P Dow Jones Indices LLC, Dow Jones, S&P and their respective affiliates (S&P Dow Jones Indices) and third party licensors makes no representation or warranty, express or implied, as to the ability of any index to accurately represent the asset class or market sector that it purports to represent and S&P Dow Jones Indices and its third party licensors shall have no liability for any errors, omissions, or interruptions of any index or the data included therein. Past performance of an index is not an indication or guarantee of future results. This document does not constitute an offer of any services. Except for certain custom index calculation services, all information provided by S&P Dow Jones Indices is general in nature and not tailored to the needs of any person, entity or group of persons. S&P Dow Jones Indices receives compensation in connection with licensing its indices to third parties and providing custom calculation services. It is not possible to invest directly in an index. Exposure to an asset class represented by an index may be available through investable instruments offered by third parties that are based on that index. S&P Dow Jones Indices does not sponsor, endorse, sell, promote or manage any investment fund or other investment product or vehicle that seeks to provide an investment return based on the performance of any Index. S&P Dow Jones Indices LLC is not an investment or tax advisor. S&P Dow Jones Indices makes no representation regarding the advisability of investing in any such investment fund or other investment product or vehicle. A tax advisor should be consulted to evaluate the impact of any tax-exempt securities on portfolios and the tax consequences of making any particular investment decision. Credit-related information and other analyses, including ratings, are generally provided by licensors and/or affiliates of S&P Dow Jones Indices. Any credit-related information and other related analyses and statements are opinions as of the date they are expressed and are not statements of fact. S&P Dow Jones Indices LLC is analytically separate and independent from any other analytical department. For more information on any of our indices please visit www.spdji.com.",,,,,,,,,
,,,,,,,,,
,,,,,,,,,
,,,,,,,,,
,,,,,,,,,
,,,,,,,,,
,,,,,,,,,
,,,,,,,,,
,,,,,,,,,
,,,,,,,,,
,,,,,,,,,
,,,,,,,,,
,,,,,,,,,
,,,,,,,,,
,,,,,,,,,
,,,,,,,,,
,,,,,,,,,
,,,,,,,,,
,,,,,,,,,
,,,,,,,,,
,,,,,,,,,
,,,,,,,,,
,,,,,,,,,
,,,,,,,,,
,,,,,,,,,
,,,,,,,,,
,,,,,,,,,
,,,,,,,,,
,,,,,,,,,
,,,,,,,,,
,,,,,,,,,
,,,,,,,,,
,,,,,,,,,
,,,,,,,,,
,,,,,,,,,
,,,,,,,,,
,,,,,,,,,
,,,,,,,,,
,,,,,,,,,
,,,,,,,,,
,,,,,,,,,
,,,,,,,,,
,,,,,,,,,
,,,,,,,,,
,,,,,,,,,
,,,,,,,,,
,,,,,,,,,
,,,,,,,,,
,,,,,,,,,
,,,,,,,,,
